	sequence_id	cluster_id
0	MK295810.1	Lepidoptera
1	KX681479.1	Lepidoptera
2	KY996558.1	Lepidoptera
3	NC_061326.1	Lepidoptera
4	MN461479.1	Lepidoptera
5	NC_039880.1	Lepidoptera
6	NC_024283.1	Lepidoptera
7	MW006609.1	Lepidoptera
8	MW924662.1	Lepidoptera
9	NC_053274.1	Lepidoptera
10	NC_026838.1	Lepidoptera
11	MZ779034.1	Lepidoptera
12	NC_046727.1	Lepidoptera
13	MG437197.1	Lepidoptera
14	NC_056106.1	Lepidoptera
15	KX426346.1	Lepidoptera
16	MW009051.1	Lepidoptera
17	NC_062180.1	Lepidoptera
18	MK952760.1	Lepidoptera
19	GU966592.1	Lepidoptera
20	KF590553.1	Lepidoptera
21	MW751990.1	Lepidoptera
22	OK393684.1	Lepidoptera
23	NC_026864.1	Lepidoptera
24	NC_004622.2	Lepidoptera
25	MZ964412.1	Lepidoptera
26	NC_024405.1	Lepidoptera
27	NC_012893.1	Lepidoptera
28	NC_061642.1	Lepidoptera
29	OL912817.1	Lepidoptera
30	NC_014806.1	Lepidoptera
31	KF990127.1	Lepidoptera
32	KY569553.1	Lepidoptera
33	MN103530.1	Lepidoptera
34	KU366707.1	Lepidoptera
35	KX108765.1	Lepidoptera
36	KU053201.1	Lepidoptera
37	MN611529.1	Lepidoptera
38	NC_016067.1	Lepidoptera
39	JF905446.1	Lepidoptera
40	KF881052.1	Lepidoptera
41	MW755976.1	Lepidoptera
42	KT362742.1	Lepidoptera
43	OK011993.1	Lepidoptera
44	NC_026903.1	Lepidoptera
45	NC_058014.1	Lepidoptera
46	NC_046491.1	Lepidoptera
47	MW158374.1	Lepidoptera
48	NC_039876.1	Lepidoptera
49	NC_027108.1	Lepidoptera
50	GU966618.1	Lepidoptera
51	KF590533.1	Lepidoptera
52	NC_039884.1	Lepidoptera
53	NC_024098.1	Lepidoptera
54	KT598278.1	Lepidoptera
55	NC_008141.1	Lepidoptera
56	NC_059038.1	Lepidoptera
57	NC_056092.1	Lepidoptera
58	NC_047304.1	Lepidoptera
59	NC_062116.1	Lepidoptera
60	MT165691.1	Lepidoptera
61	NC_047303.1	Lepidoptera
62	DQ102703.1	Lepidoptera
63	MZ982840.1	Lepidoptera
64	MK521433.1	Lepidoptera
65	NC_024403.1	Lepidoptera
66	MT704827.1	Lepidoptera
67	GU966608.1	Lepidoptera
68	MZ964410.1	Lepidoptera
69	MW158384.1	Lepidoptera
70	GU966623.1	Lepidoptera
71	NC_046032.1	Lepidoptera
72	NC_061539.1	Lepidoptera
73	NC_039716.1	Lepidoptera
74	NC_022699.1	Lepidoptera
75	NC_048471.1	Lepidoptera
76	KM068091.1	Lepidoptera
77	MK797986.1	Lepidoptera
78	NC_027961.1	Lepidoptera
79	NC_024402.1	Lepidoptera
80	MW288059.1	Lepidoptera
81	NC_060823.1	Lepidoptera
82	NC_034233.1	Lepidoptera
83	NC_058011.1	Lepidoptera
84	MN242790.1	Lepidoptera
85	KX495167.1	Lepidoptera
86	MT090762.1	Lepidoptera
87	KF006326.1	Lepidoptera
88	MW355619.1	Lepidoptera
89	KM373898.1	Lepidoptera
90	OK078922.1	Lepidoptera
91	NC_061641.1	Lepidoptera
92	NC_016062.1	Lepidoptera
93	MZ902340.1	Lepidoptera
94	MK252291.1	Lepidoptera
95	NC_021962.1	Lepidoptera
96	OM912597.1	Lepidoptera
97	GU966594.1	Lepidoptera
98	KY630501.1	Lepidoptera
99	JX262887.1	Lepidoptera
100	MZ959074.1	Lepidoptera
101	MZ779035.1	Lepidoptera
102	NC_013604.1	Lepidoptera
103	MK521434.1	Lepidoptera
104	NC_062177.1	Lepidoptera
105	MN078362.1	Lepidoptera
106	MK122624.1	Lepidoptera
107	OK149231.1	Lepidoptera
108	MK962620.1	Lepidoptera
109	NC_014224.1	Lepidoptera
110	KP729178.1	Lepidoptera
111	NC_045120.1	Lepidoptera
112	MF496134.1	Lepidoptera
113	NC_062181.1	Lepidoptera
114	NC_014587.1	Lepidoptera
115	HQ662522.1	Lepidoptera
116	NC_046840.1	Lepidoptera
117	NC_057249.1	Lepidoptera
118	MZ675586.1	Lepidoptera
119	MW732138.1	Lepidoptera
120	KX495168.1	Lepidoptera
121	MN184845.1	Lepidoptera
122	NC_014055.1	Lepidoptera
123	MK903032.1	Lepidoptera
124	KX150459.1	Lepidoptera
125	KY923065.1	Lepidoptera
126	MW683125.1	Lepidoptera
127	MW690915.1	Lepidoptera
128	NC_039947.1	Lepidoptera
129	NC_034993.1	Lepidoptera
130	NC_061247.1	Lepidoptera
131	MK804164.1	Lepidoptera
132	MN635734.1	Lepidoptera
133	NC_047459.1	Lepidoptera
134	NC_029498.1	Lepidoptera
135	MK886799.1	Lepidoptera
136	MF152838.1	Lepidoptera
137	MG747641.1	Lepidoptera
138	MF576059.1	Lepidoptera
139	MT110153.1	Lepidoptera
140	NC_023936.1	Lepidoptera
141	JF961379.1	Lepidoptera
142	MG252290.1	Lepidoptera
143	NC_027145.1	Lepidoptera
144	MZ501808.1	Lepidoptera
145	JX316220.1	Lepidoptera
146	MG747610.1	Lepidoptera
147	MW768082.1	Lepidoptera
148	OK011994.1	Lepidoptera
149	KF590546.1	Lepidoptera
150	NC_029510.1	Lepidoptera
151	MG437190.1	Lepidoptera
152	JF437925.1	Lepidoptera
153	MZ593602.1	Lepidoptera
154	KF906483.1	Lepidoptera
155	OK235313.1	Lepidoptera
156	NC_051866.1	Lepidoptera
157	NC_062120.1	Lepidoptera
158	MZ823351.1	Lepidoptera
159	NC_062176.1	Lepidoptera
160	MG747619.1	Lepidoptera
161	GU966593.1	Lepidoptera
162	KT443883.1	Lepidoptera
163	NC_030632.1	Lepidoptera
164	NC_045936.1	Lepidoptera
165	NC_037725.1	Lepidoptera
166	KT598688.1	Lepidoptera
167	KC836923.1	Lepidoptera
168	NC_024409.1	Lepidoptera
169	KM014809.1	Lepidoptera
170	MH105794.1	Lepidoptera
171	KJ396621.1	Lepidoptera
172	MT499230.1	Lepidoptera
173	KJ740437.1	Lepidoptera
174	KJ739310.1	Lepidoptera
175	MN611530.1	Lepidoptera
176	NC_015537.1	Lepidoptera
177	KP729110.1	Lepidoptera
178	NC_061606.1	Lepidoptera
179	NC_024414.1	Lepidoptera
180	MK804155.1	Lepidoptera
181	KX423731.1	Lepidoptera
182	MK903030.1	Lepidoptera
183	MT897990.1	Lepidoptera
184	NC_050323.1	Lepidoptera
185	MF152834.1	Lepidoptera
186	KY923060.1	Lepidoptera
187	FJ810212.1	Lepidoptera
188	MG770232.1	Lepidoptera
189	NC_053855.1	Lepidoptera
190	MW924664.1	Lepidoptera
191	NC_038105.1	Lepidoptera
192	NC_061036.1	Lepidoptera
193	MG747620.1	Lepidoptera
194	MZ501809.1	Lepidoptera
195	MZ618262.1	Lepidoptera
196	NC_039696.1	Lepidoptera
197	KU360130.1	Lepidoptera
198	NC_021090.1	Lepidoptera
199	NC_057684.1	Lepidoptera
200	NC_061235.1	Lepidoptera
201	MZ420706.1	Lepidoptera
202	NC_041112.1	Lepidoptera
203	KP247523.1	Lepidoptera
204	MG747627.1	Lepidoptera
205	MT230535.1	Lepidoptera
206	MK648145.1	Lepidoptera
207	NC_021396.1	Lepidoptera
208	NC_037006.1	Lepidoptera
209	KF730242.1	Lepidoptera
210	KF990123.1	Lepidoptera
211	KP689265.1	Lepidoptera
212	KP941019.1	Lepidoptera
213	KT354968.1	Lepidoptera
214	NC_061295.1	Lepidoptera
215	MZ221160.1	Lepidoptera
216	NC_046592.1	Lepidoptera
217	MG747618.1	Lepidoptera
218	OM214002.1	Lepidoptera
219	MN908152.1	Lepidoptera
220	MN974526.1	Lepidoptera
221	MN611534.1	Lepidoptera
222	NC_024864.1	Lepidoptera
223	NC_034740.1	Lepidoptera
224	NC_062089.1	Lepidoptera
225	NC_046726.1	Lepidoptera
226	NC_029162.1	Lepidoptera
227	MK599283.1	Lepidoptera
228	MT801073.1	Lepidoptera
229	NC_046718.1	Lepidoptera
230	NC_047212.1	Lepidoptera
231	NC_061562.1	Lepidoptera
232	NC_057306.1	Lepidoptera
233	KF908880.1	Lepidoptera
234	NC_039810.1	Lepidoptera
235	NC_058609.1	Lepidoptera
236	KP278206.1	Lepidoptera
237	MN611532.1	Lepidoptera
238	NC_030509.1	Lepidoptera
239	MZ221157.1	Lepidoptera
240	NC_014668.1	Lepidoptera
241	NC_063473.1	Lepidoptera
242	OL912811.1	Lepidoptera
243	NC_036347.1	Lepidoptera
244	NC_034804.1	Lepidoptera
245	MG437194.1	Lepidoptera
246	GU966629.1	Lepidoptera
247	OK310517.1	Lepidoptera
248	NC_022689.1	Lepidoptera
249	NC_033890.1	Lepidoptera
250	KF590552.1	Lepidoptera
251	NC_061296.1	Lepidoptera
252	NC_062184.1	Lepidoptera
253	MK550620.1	Lepidoptera
254	NC_025761.1	Lepidoptera
255	NC_038085.1	Lepidoptera
256	KC659955.1	Lepidoptera
257	NC_042150.1	Lepidoptera
258	KY630505.1	Lepidoptera
259	NC_046051.1	Lepidoptera
260	MF152833.1	Lepidoptera
261	MK784108.1	Lepidoptera
262	MF100141.1	Lepidoptera
263	LN607805.1	Lepidoptera
264	MF100137.1	Lepidoptera
265	MF568544.1	Lepidoptera
266	HM243591.1	Lepidoptera
267	NC_023978.1	Lepidoptera
268	KY971464.1	Lepidoptera
269	NC_039687.1	Lepidoptera
270	NC_029811.1	Lepidoptera
271	NC_046049.1	Lepidoptera
272	NC_053936.1	Lepidoptera
273	MK801139.1	Lepidoptera
274	KJ675641.1	Lepidoptera
275	HM243593.1	Lepidoptera
276	NC_039879.1	Lepidoptera
277	MZ707539.1	Lepidoptera
278	NC_061243.1	Lepidoptera
279	HM744694.1	Lepidoptera
280	MG747612.1	Lepidoptera
281	NC_034279.1	Lepidoptera
282	KF590548.1	Lepidoptera
283	KF977797.1	Lepidoptera
284	JX186589.1	Lepidoptera
285	KF709449.1	Lepidoptera
286	NC_037394.1	Lepidoptera
287	NC_062118.1	Lepidoptera
288	NC_039881.1	Lepidoptera
289	MH985708.1	Lepidoptera
290	NC_039698.1	Lepidoptera
291	NC_039866.1	Lepidoptera
292	MG736927.1	Lepidoptera
293	OK149235.1	Lepidoptera
294	NC_045899.1	Lepidoptera
295	MK903031.1	Lepidoptera
296	KM874804.1	Lepidoptera
297	MG747623.1	Lepidoptera
298	JX313686.2	Lepidoptera
299	NC_024399.1	Lepidoptera
300	NC_024824.1	Lepidoptera
301	HQ452340.1	Lepidoptera
302	MK358044.1	Lepidoptera
303	NC_030270.1	Lepidoptera
304	NC_034234.1	Lepidoptera
305	MW732137.1	Lepidoptera
306	NC_041148.1	Lepidoptera
307	MW133617.1	Lepidoptera
308	KY000412.1	Lepidoptera
309	KT153024.1	Lepidoptera
310	MZ927091.1	Lepidoptera
311	KR018842.1	Lepidoptera
312	MW158377.1	Lepidoptera
313	MN611526.1	Lepidoptera
314	NC_027156.1	Lepidoptera
315	MK238675.1	Lepidoptera
316	MG747621.1	Lepidoptera
317	NC_053734.1	Lepidoptera
318	NC_027263.1	Lepidoptera
319	MT012820.1	Lepidoptera
320	KR822739.1	Lepidoptera
321	OK235306.1	Lepidoptera
322	MZ902342.1	Lepidoptera
323	MZ675588.1	Lepidoptera
324	KM244679.1	Lepidoptera
325	NC_024270.1	Lepidoptera
326	MT117843.1	Lepidoptera
327	KC414791.1	Lepidoptera
328	MW697075.1	Lepidoptera
329	NC_017869.1	Lepidoptera
330	NC_046716.1	Lepidoptera
331	NC_046584.1	Lepidoptera
332	MN646773.1	Lepidoptera
333	MH763665.1	Lepidoptera
334	MN605224.1	Lepidoptera
335	MZ823346.1	Lepidoptera
336	MW470953.1	Lepidoptera
337	NC_061261.1	Lepidoptera
338	KT207942.1	Lepidoptera
339	MT013356.1	Lepidoptera
340	KP881616.1	Lepidoptera
341	NC_062174.1	Lepidoptera
342	MH286069.1	Lepidoptera
343	NC_061644.1	Lepidoptera
344	MN150296.1	Lepidoptera
345	NC_062102.1	Lepidoptera
346	MN792921.1	Lepidoptera
347	MZ593598.1	Lepidoptera
348	KJ466365.1	Lepidoptera
349	NC_027174.1	Lepidoptera
350	KP715146.1	Lepidoptera
351	NC_028168.1	Lepidoptera
352	MZ501806.1	Lepidoptera
353	KY923063.1	Lepidoptera
354	KX365419.1	Lepidoptera
355	KF906486.1	Lepidoptera
356	MW960639.1	Lepidoptera
357	MN735183.1	Lepidoptera
358	MH675969.1	Lepidoptera
359	KF305832.2	Lepidoptera
360	NC_038010.1	Lepidoptera
361	MZ603870.1	Lepidoptera
362	NC_016720.1	Lepidoptera
363	MW936633.1	Lepidoptera
364	MK880228.1	Lepidoptera
365	NC_060868.1	Lepidoptera
366	MZ636560.1	Lepidoptera
367	EU625344.1	Lepidoptera
368	KT922004.1	Lepidoptera
369	NC_061329.1	Lepidoptera
370	KY593939.1	Lepidoptera
371	NC_036765.1	Lepidoptera
372	JF439070.1	Lepidoptera
373	NC_045191.1	Lepidoptera
374	MF152830.1	Lepidoptera
375	NC_061231.1	Lepidoptera
376	MG437192.1	Lepidoptera
377	KT371359.1	Lepidoptera
378	GU966602.1	Lepidoptera
379	GU966604.1	Lepidoptera
380	NC_033889.1	Lepidoptera
381	NC_031507.1	Lepidoptera
382	KX267580.1	Lepidoptera
383	MW135332.1	Lepidoptera
384	NC_056799.1	Lepidoptera
385	NC_034231.1	Lepidoptera
386	KY644697.1	Lepidoptera
387	NC_032285.1	Lepidoptera
388	NC_060739.1	Lepidoptera
389	MZ902335.1	Lepidoptera
390	JN039362.1	Lepidoptera
391	NC_062963.1	Lepidoptera
392	KX033351.1	Lepidoptera
393	MN599983.1	Lepidoptera
394	NC_027094.1	Lepidoptera
395	NC_057614.1	Lepidoptera
396	NC_050916.1	Lepidoptera
397	NC_045892.1	Lepidoptera
398	MW464942.1	Lepidoptera
399	NC_025273.1	Lepidoptera
400	NC_029164.1	Lepidoptera
401	MH324505.1	Lepidoptera
402	NC_061507.1	Lepidoptera
403	NC_029763.1	Lepidoptera
404	KX423732.1	Lepidoptera
405	NC_021427.1	Lepidoptera
406	NC_012739.1	Lepidoptera
407	MW732139.1	Lepidoptera
408	ON087696.1	Lepidoptera
409	OK011992.1	Lepidoptera
410	KY630502.1	Lepidoptera
411	NC_053770.1	Lepidoptera
412	MG747640.1	Lepidoptera
413	KJ647172.1	Lepidoptera
414	MW288057.1	Lepidoptera
415	MF152839.1	Lepidoptera
416	NC_037710.1	Lepidoptera
417	KY095828.1	Lepidoptera
418	MN877384.1	Lepidoptera
419	GU966600.1	Lepidoptera
420	MZ959069.1	Lepidoptera
421	NC_034837.1	Lepidoptera
422	NC_054179.1	Lepidoptera
423	NC_042214.1	Lepidoptera
424	NC_037944.1	Lepidoptera
425	HQ897685.1	Lepidoptera
426	NC_047456.1	Lepidoptera
427	JF801742.1	Lepidoptera
428	NC_018030.1	Lepidoptera
429	KP247522.1	Lepidoptera
430	NC_027516.1	Lepidoptera
431	NC_039874.1	Lepidoptera
432	MG747617.1	Lepidoptera
433	KY072797.1	Lepidoptera
434	NC_046504.1	Lepidoptera
435	AY242996.2	Lepidoptera
436	KU325534.1	Lepidoptera
437	MZ151338.1	Lepidoptera
438	KR076553.1	Lepidoptera
439	NC_037501.1	Lepidoptera
440	MZ481931.1	Lepidoptera
441	OK235307.1	Lepidoptera
442	NC_029509.1	Lepidoptera
443	MW551562.1	Lepidoptera
444	GU966591.1	Lepidoptera
445	MZ779033.1	Lepidoptera
446	NC_046712.1	Lepidoptera
447	MG869628.1	Lepidoptera
448	MW960642.1	Lepidoptera
449	MK820027.1	Lepidoptera
450	KT692987.1	Lepidoptera
451	MH473596.1	Lepidoptera
452	OL350848.1	Lepidoptera
453	MW158371.1	Lepidoptera
454	MZ823347.1	Lepidoptera
455	NC_038086.1	Lepidoptera
456	KM244668.1	Lepidoptera
457	NC_061298.1	Lepidoptera
458	NC_039860.1	Lepidoptera
459	MZ562565.1	Lepidoptera
460	KU325536.1	Lepidoptera
461	NC_035431.1	Lepidoptera
462	NC_014058.1	Lepidoptera
463	NC_046525.1	Lepidoptera
464	NC_029244.1	Lepidoptera
465	NC_060512.1	Lepidoptera
466	MZ902343.1	Lepidoptera
467	MZ593600.1	Lepidoptera
468	MZ593604.1	Lepidoptera
469	ON310869.1	Lepidoptera
470	OK509075.1	Lepidoptera
471	MW924657.1	Lepidoptera
472	MT265380.1	Lepidoptera
473	NC_027948.1	Lepidoptera
474	HQ378508.1	Lepidoptera
475	JQ647918.1	Lepidoptera
476	NC_059931.1	Lepidoptera
477	MF100142.1	Lepidoptera
478	MZ959071.1	Lepidoptera
479	MZ944876.1	Lepidoptera
480	KJ716847.1	Lepidoptera
481	NC_024401.1	Lepidoptera
482	NC_018029.1	Lepidoptera
483	JN246082.1	Lepidoptera
484	AB083339.1	Lepidoptera
485	KJ647171.1	Lepidoptera
486	NC_029499.1	Lepidoptera
487	MN599982.1	Lepidoptera
488	NC_062111.1	Lepidoptera
489	MG747608.1	Lepidoptera
490	NC_039861.1	Lepidoptera
491	JX407107.2	Lepidoptera
492	MW158370.1	Lepidoptera
493	MG747629.1	Lepidoptera
494	MK295811.1	Lepidoptera
495	JF504707.1	Lepidoptera
496	KX096653.1	Lepidoptera
497	OK053109.1	Lepidoptera
498	NC_022185.1	Lepidoptera
499	NC_050915.1	Lepidoptera
500	MK804159.1	Lepidoptera
501	KP784455.1	Lepidoptera
502	MG747613.1	Lepidoptera
503	MZ520324.1	Lepidoptera
504	NC_053657.1	Lepidoptera
505	NC_024744.1	Lepidoptera
506	NC_024532.1	Lepidoptera
507	MN956509.1	Lepidoptera
508	KP347977.1	Lepidoptera
509	KF751706.1	Lepidoptera
510	NC_028207.1	Lepidoptera
511	KP071469.1	Lepidoptera
512	OK094455.1	Lepidoptera
513	KT371363.1	Lepidoptera
514	KT371376.1	Lepidoptera
515	NC_026518.1	Lepidoptera
516	NC_018094.1	Lepidoptera
517	MN605222.1	Lepidoptera
518	ON310871.1	Lepidoptera
519	NC_053272.1	Lepidoptera
520	KJ629167.1	Lepidoptera
521	KT371364.1	Lepidoptera
522	NC_062105.1	Lepidoptera
523	NC_038087.1	Lepidoptera
524	KJ671625.1	Lepidoptera
525	KU946971.1	Lepidoptera
526	MF664471.1	Lepidoptera
527	NC_037875.1	Lepidoptera
528	MG655620.1	Lepidoptera
529	NC_033888.1	Lepidoptera
530	KJ507133.1	Lepidoptera
531	KJ174087.1	Lepidoptera
532	MG747635.1	Lepidoptera
533	MF417804.1	Lepidoptera
534	MZ853168.1	Lepidoptera
535	MZ593601.1	Lepidoptera
536	NC_062121.1	Lepidoptera
537	MH981597.1	Lepidoptera
538	MZ397914.1	Lepidoptera
539	MZ964413.1	Lepidoptera
540	MF152836.1	Lepidoptera
541	MZ823348.1	Lepidoptera
542	KF590535.1	Lepidoptera
543	NC_024650.1	Lepidoptera
544	MT712137.1	Lepidoptera
545	MW158385.1	Lepidoptera
546	ON310876.1	Lepidoptera
547	NC_045190.1	Lepidoptera
548	NC_020779.1	Lepidoptera
549	MK251838.1	Lepidoptera
550	GU966599.1	Lepidoptera
551	HM563681.1	Lepidoptera
552	MG437199.1	Lepidoptera
553	NC_045924.1	Lepidoptera
554	GU966597.1	Lepidoptera
555	NC_058608.1	Lepidoptera
556	GU966627.1	Lepidoptera
557	NC_053760.1	Lepidoptera
558	KF990125.1	Lepidoptera
559	NC_021411.1	Lepidoptera
560	KY569554.1	Lepidoptera
561	NC_062170.1	Lepidoptera
562	KU160635.1	Lepidoptera
563	MT198821.1	Lepidoptera
564	MW683337.1	Lepidoptera
565	NC_029513.1	Lepidoptera
566	KF590550.1	Lepidoptera
567	KX495165.1	Lepidoptera
568	MN956510.1	Lepidoptera
569	NC_036334.1	Lepidoptera
570	NC_050909.1	Lepidoptera
571	NC_039873.1	Lepidoptera
572	NC_062175.1	Lepidoptera
573	MZ054176.1	Lepidoptera
574	NC_057501.1	Lepidoptera
575	KJ396197.1	Lepidoptera
576	MW255962.1	Lepidoptera
577	MW755978.1	Lepidoptera
578	HQ840719.1	Lepidoptera
579	MZ944874.1	Lepidoptera
580	NC_024099.1	Lepidoptera
581	KF927042.1	Lepidoptera
582	MN611538.1	Lepidoptera
583	NC_056800.1	Lepidoptera
584	NC_027723.1	Lepidoptera
585	KC433408.1	Lepidoptera
586	KJ623250.1	Lepidoptera
587	OM912595.1	Lepidoptera
588	KF990128.1	Lepidoptera
589	KT750964.1	Lepidoptera
590	NC_027506.1	Lepidoptera
591	OK094458.1	Lepidoptera
592	JF440342.1	Lepidoptera
593	NC_060824.1	Lepidoptera
594	MN605223.1	Lepidoptera
595	KM225795.1	Lepidoptera
596	NC_026841.1	Lepidoptera
597	KC894961.1	Lepidoptera
598	MG437201.1	Lepidoptera
599	MT110154.1	Lepidoptera
600	GU966606.1	Lepidoptera
601	KR189008.1	Lepidoptera
602	MN611537.1	Lepidoptera
603	MT922035.1	Lepidoptera
604	KF690637.1	Lepidoptera
605	MW662614.1	Lepidoptera
606	FJ617240.1	Lepidoptera
607	MG437191.1	Lepidoptera
608	GU966620.1	Lepidoptera
609	MK251840.1	Lepidoptera
610	NC_057121.1	Lepidoptera
611	MW192438.1	Lepidoptera
612	MW697903.1	Lepidoptera
613	GU966612.1	Lepidoptera
614	NC_061324.1	Lepidoptera
615	MN922294.1	Lepidoptera
616	NC_034232.1	Lepidoptera
617	MK265705.1	Lepidoptera
618	MZ571409.1	Lepidoptera
619	NC_046717.1	Lepidoptera
620	KM215138.1	Lepidoptera
621	MN093120.1	Lepidoptera
622	KJ364659.1	Lepidoptera
623	KF498969.1	Lepidoptera
624	NC_060569.1	Lepidoptera
625	NC_061239.1	Lepidoptera
626	MK804158.1	Lepidoptera
627	KR024009.1	Lepidoptera
628	MF152831.1	Lepidoptera
629	NC_062108.1	Lepidoptera
630	GU966611.1	Lepidoptera
631	NC_063699.1	Lepidoptera
632	NC_030192.1	Lepidoptera
633	GU966601.1	Lepidoptera
634	NC_062171.1	Lepidoptera
635	KJ185131.1	Lepidoptera
636	KY800518.1	Lepidoptera
637	KY888135.1	Lepidoptera
638	NC_034355.1	Lepidoptera
639	NC_018047.1	Lepidoptera
640	KX267572.1	Lepidoptera
641	KF590547.1	Lepidoptera
642	NC_062123.1	Lepidoptera
643	NC_039872.1	Lepidoptera
644	MW158372.1	Lepidoptera
645	KT371365.1	Lepidoptera
646	MK252290.1	Lepidoptera
647	MT591568.1	Lepidoptera
648	KJ629166.1	Lepidoptera
649	NC_026046.1	Lepidoptera
650	MN832853.1	Hemiptera
651	MT702884.1	Hemiptera
652	MT332315.1	Hemiptera
653	MT079526.1	Hemiptera
654	MT079665.1	Hemiptera
655	KY039118.1	Hemiptera
656	MT079387.1	Hemiptera
657	NC_035509.1	Hemiptera
658	MK948431.1	Hemiptera
659	MW264489.1	Hemiptera
660	MW847241.1	Hemiptera
661	MT872662.1	Hemiptera
662	MT079716.1	Hemiptera
663	MK292968.1	Hemiptera
664	MT079537.1	Hemiptera
665	KR024406.1	Hemiptera
666	NC_025329.1	Hemiptera
667	MN577454.1	Hemiptera
668	MN577441.1	Hemiptera
669	BK059216.1	Hemiptera
670	KY069962.1	Hemiptera
671	MT344112.1	Hemiptera
672	MG813486.1	Hemiptera
673	NC_060745.1	Hemiptera
674	NC_037734.1	Hemiptera
675	MT079334.1	Hemiptera
676	MN232006.1	Hemiptera
677	MW619718.1	Hemiptera
678	MZ014458.1	Hemiptera
679	MK292938.1	Hemiptera
680	MT079573.1	Hemiptera
681	MW547017.1	Hemiptera
682	MK292905.1	Hemiptera
683	MW021146.1	Hemiptera
684	MT079463.1	Hemiptera
685	MT554451.1	Hemiptera
686	KR072671.1	Hemiptera
687	NC_042433.1	Hemiptera
688	MK862265.1	Hemiptera
689	MT079599.1	Hemiptera
690	NC_042180.1	Hemiptera
691	MT898422.1	Hemiptera
692	MT981879.1	Hemiptera
693	MF497732.1	Hemiptera
694	NC_057959.1	Hemiptera
695	MF497710.1	Hemiptera
696	MT079496.1	Hemiptera
697	KX495488.1	Hemiptera
698	KR559500.1	Hemiptera
699	MN412595.1	Hemiptera
700	MT416551.1	Hemiptera
701	MN027276.1	Hemiptera
702	BK013130.1	Hemiptera
703	MT079705.1	Hemiptera
704	MF497730.1	Hemiptera
705	MT079623.1	Hemiptera
706	NC_042811.1	Hemiptera
707	MT079508.1	Hemiptera
708	MN227168.1	Hemiptera
709	NC_031364.1	Hemiptera
710	MW021156.1	Hemiptera
711	NC_046048.1	Hemiptera
712	KY274846.1	Hemiptera
713	MT079429.1	Hemiptera
714	MT740321.1	Hemiptera
715	MF614806.1	Hemiptera
716	MG989230.1	Hemiptera
717	NC_040115.1	Hemiptera
718	MK292908.1	Hemiptera
719	MK292940.1	Hemiptera
720	JQ780818.1	Hemiptera
721	MT079659.1	Hemiptera
722	HM235722.1	Hemiptera
723	MT079376.1	Hemiptera
724	NC_026670.1	Hemiptera
725	MF351855.1	Hemiptera
726	KF913540.1	Hemiptera
727	NC_056102.1	Hemiptera
728	MT079524.1	Hemiptera
729	MT079502.1	Hemiptera
730	NC_024683.1	Hemiptera
731	NC_016432.1	Hemiptera
732	OL697730.1	Hemiptera
733	MT079364.1	Hemiptera
734	NC_038140.1	Hemiptera
735	MK617948.1	Hemiptera
736	MH293453.1	Hemiptera
737	MT079542.1	Hemiptera
738	MT079367.1	Hemiptera
739	MT985377.1	Hemiptera
740	NC_012449.1	Hemiptera
741	MT079349.1	Hemiptera
742	MW659868.1	Hemiptera
743	NC_046066.1	Hemiptera
744	OL697736.1	Hemiptera
745	MT079693.1	Hemiptera
746	MT488436.1	Hemiptera
747	MG813490.1	Hemiptera
748	MT079389.1	Hemiptera
749	MK292953.1	Hemiptera
750	MT079513.1	Hemiptera
751	KF913541.1	Hemiptera
752	NC_044762.1	Hemiptera
753	MT079547.1	Hemiptera
754	KP406517.1	Hemiptera
755	KX345788.1	Hemiptera
756	KU753807.1	Hemiptera
757	KM588201.1	Hemiptera
758	NC_051539.1	Hemiptera
759	MT079452.1	Hemiptera
760	NC_023219.1	Hemiptera
761	MT079696.1	Hemiptera
762	MT079350.1	Hemiptera
763	MT079411.1	Hemiptera
764	MT079433.1	Hemiptera
765	MF535442.1	Hemiptera
766	NC_012421.1	Hemiptera
767	MH324931.1	Hemiptera
768	MT079454.1	Hemiptera
769	MT079560.1	Hemiptera
770	NC_059063.1	Hemiptera
771	MF043978.1	Hemiptera
772	NC_062851.1	Hemiptera
773	MT079359.1	Hemiptera
774	MT079672.1	Hemiptera
775	MT556651.1	Hemiptera
776	MW218662.1	Hemiptera
777	OK448489.1	Hemiptera
778	MK738125.1	Hemiptera
779	KY069956.1	Hemiptera
780	MK847518.1	Hemiptera
781	NC_043846.1	Hemiptera
782	JF907590.1	Hemiptera
783	NC_045075.1	Hemiptera
784	KC887533.1	Hemiptera
785	MT079521.1	Hemiptera
786	MT079471.1	Hemiptera
787	MK292950.1	Hemiptera
788	MT079625.1	Hemiptera
789	MT079607.1	Hemiptera
790	MG813491.1	Hemiptera
791	MK292975.1	Hemiptera
792	MT079576.1	Hemiptera
793	MT079684.1	Hemiptera
794	MT556657.1	Hemiptera
795	BK059215.1	Hemiptera
796	MT079682.1	Hemiptera
797	KY426014.1	Hemiptera
798	AY521265.2	Hemiptera
799	MZ350959.1	Hemiptera
800	MT079719.1	Hemiptera
801	MZ457328.1	Hemiptera
802	MT079529.1	Hemiptera
803	MN793964.1	Hemiptera
804	MF614818.1	Hemiptera
805	MT079630.1	Hemiptera
806	MT015588.1	Hemiptera
807	OK440860.1	Hemiptera
808	NC_042808.1	Hemiptera
809	EU427340.1	Hemiptera
810	OK440859.1	Hemiptera
811	MG989240.1	Hemiptera
812	EU909203.1	Hemiptera
813	MT079640.1	Hemiptera
814	NC_016017.1	Hemiptera
815	MT079600.1	Hemiptera
816	MK292941.1	Hemiptera
817	MT079658.1	Hemiptera
818	MT079677.1	Hemiptera
819	NC_042812.1	Hemiptera
820	MF497727.1	Hemiptera
821	NC_022727.1	Hemiptera
822	OK336707.1	Hemiptera
823	MT332320.1	Hemiptera
824	MZ014453.1	Hemiptera
825	MF497716.1	Hemiptera
826	KX034086.1	Hemiptera
827	MF043987.1	Hemiptera
828	MT079363.1	Hemiptera
829	MW847250.1	Hemiptera
830	MN167467.1	Hemiptera
831	NC_056249.1	Hemiptera
832	MT079723.1	Hemiptera
833	MK258689.1	Hemiptera
834	NC_039157.1	Hemiptera
835	NC_042814.1	Hemiptera
836	MT079569.1	Hemiptera
837	MT757851.1	Hemiptera
838	MF497717.1	Hemiptera
839	KM035420.1	Hemiptera
840	MT079608.1	Hemiptera
841	NC_060719.1	Hemiptera
842	MZ169558.1	Hemiptera
843	MT079430.1	Hemiptera
844	NC_062724.1	Hemiptera
845	MK292942.1	Hemiptera
846	KR559506.1	Hemiptera
847	MT079501.1	Hemiptera
848	MT079533.1	Hemiptera
849	MK292956.1	Hemiptera
850	NC_039588.1	Hemiptera
851	MW441850.1	Hemiptera
852	MH643815.1	Hemiptera
853	OK336708.1	Hemiptera
854	NC_049895.1	Hemiptera
855	MT079436.1	Hemiptera
856	NC_042881.1	Hemiptera
857	MT332316.1	Hemiptera
858	MK292927.1	Hemiptera
859	MK292912.1	Hemiptera
860	MK994521.1	Hemiptera
861	NC_037926.1	Hemiptera
862	MT079628.1	Hemiptera
863	MW550299.1	Hemiptera
864	NC_039560.1	Hemiptera
865	MT079713.1	Hemiptera
866	MT079381.1	Hemiptera
867	NC_029203.1	Hemiptera
868	OM489375.1	Hemiptera
869	MH433622.1	Hemiptera
870	KM278221.1	Hemiptera
871	MT079536.1	Hemiptera
872	NC_061654.1	Hemiptera
873	MT079683.1	Hemiptera
874	MK770624.1	Hemiptera
875	NC_033539.1	Hemiptera
876	NC_058966.1	Hemiptera
877	MG989232.1	Hemiptera
878	MW847239.1	Hemiptera
879	MT079345.1	Hemiptera
880	MT079686.1	Hemiptera
881	MK292936.1	Hemiptera
882	MT079413.1	Hemiptera
883	MT079717.1	Hemiptera
884	NC_030361.1	Hemiptera
885	NC_050324.1	Hemiptera
886	MW619724.1	Hemiptera
887	NC_005939.1	Hemiptera
888	NC_035301.1	Hemiptera
889	NC_058969.1	Hemiptera
890	KY123687.1	Hemiptera
891	MN661136.1	Hemiptera
892	NC_035547.1	Hemiptera
893	NC_035312.1	Hemiptera
894	MK292958.1	Hemiptera
895	MT079461.1	Hemiptera
896	JQ910985.1	Hemiptera
897	MW021151.1	Hemiptera
898	KC512914.1	Hemiptera
899	NC_058977.1	Hemiptera
900	NC_058964.1	Hemiptera
901	NC_020144.1	Hemiptera
902	MW021157.1	Hemiptera
903	KR559511.1	Hemiptera
904	NC_037375.1	Hemiptera
905	NC_012823.1	Hemiptera
906	OL697733.1	Hemiptera
907	MK292920.1	Hemiptera
908	MT079689.1	Hemiptera
909	KX786285.1	Hemiptera
910	MK292923.1	Hemiptera
911	MF351859.1	Hemiptera
912	OL677870.1	Hemiptera
913	MT079565.1	Hemiptera
914	MG989216.1	Hemiptera
915	NC_060746.1	Hemiptera
916	MT079610.1	Hemiptera
917	MH714535.1	Hemiptera
918	MG878381.1	Hemiptera
919	JQ743670.1	Hemiptera
920	MT079699.1	Hemiptera
921	MT079601.1	Hemiptera
922	KX505853.1	Hemiptera
923	MK759656.1	Hemiptera
924	MK292921.1	Hemiptera
925	NC_057965.1	Hemiptera
926	FJ360694.1	Hemiptera
927	MW123009.1	Hemiptera
928	MT556650.1	Hemiptera
929	MG813487.1	Hemiptera
930	KF636758.1	Hemiptera
931	NC_063535.1	Hemiptera
932	KX345783.1	Hemiptera
933	MT079487.1	Hemiptera
934	MF614822.1	Hemiptera
935	MT079497.1	Hemiptera
936	MF043983.1	Hemiptera
937	MN820984.1	Hemiptera
938	NC_062327.1	Hemiptera
939	NC_049896.1	Hemiptera
940	MN607209.1	Hemiptera
941	LC579925.1	Hemiptera
942	NC_042804.1	Hemiptera
943	KY069963.1	Hemiptera
944	MF621236.1	Hemiptera
945	KY069968.1	Hemiptera
946	MT079486.1	Hemiptera
947	MT079434.1	Hemiptera
948	MH643884.1	Hemiptera
949	NC_045858.1	Hemiptera
950	MT079690.1	Hemiptera
951	MT012904.1	Hemiptera
952	KC887529.1	Hemiptera
953	MF043986.1	Hemiptera
954	MK292967.1	Hemiptera
955	OL677863.1	Hemiptera
956	MK234840.1	Hemiptera
957	MK374364.1	Hemiptera
958	MF614810.1	Hemiptera
959	MT079474.1	Hemiptera
960	MT079535.1	Hemiptera
961	NC_045270.1	Hemiptera
962	NC_052692.1	Hemiptera
963	NC_058975.1	Hemiptera
964	MF431590.1	Hemiptera
965	NC_038108.1	Hemiptera
966	MT079593.1	Hemiptera
967	MW355500.1	Hemiptera
968	NC_036302.1	Hemiptera
969	MZ457329.1	Hemiptera
970	MK838101.1	Hemiptera
971	NC_039988.1	Hemiptera
972	JQ739175.1	Hemiptera
973	MT079695.1	Hemiptera
974	MG989224.1	Hemiptera
975	NC_063540.1	Hemiptera
976	MF497718.1	Hemiptera
977	MT079384.1	Hemiptera
978	MT079398.1	Hemiptera
979	GQ884145.1	Hemiptera
980	MT079627.1	Hemiptera
981	OL677872.1	Hemiptera
982	JF927830.1	Hemiptera
983	KU234539.1	Hemiptera
984	OK336706.1	Hemiptera
985	HQ441232.1	Hemiptera
986	NC_063660.1	Hemiptera
987	MK292913.1	Hemiptera
988	MK256929.1	Hemiptera
989	MH191394.1	Hemiptera
990	MT079592.1	Hemiptera
991	MT079725.1	Hemiptera
992	MH293461.1	Hemiptera
993	MT079443.1	Hemiptera
994	MT079566.1	Hemiptera
995	KJ742384.1	Hemiptera
996	MT079578.1	Hemiptera
997	OL697732.1	Hemiptera
998	MN102349.1	Hemiptera
999	NC_037724.1	Hemiptera
1000	NC_012822.1	Hemiptera
1001	MG813492.1	Hemiptera
1002	MT079369.1	Hemiptera
1003	NC_056127.1	Hemiptera
1004	MW619725.1	Hemiptera
1005	MW465654.1	Hemiptera
1006	NC_044708.1	Hemiptera
1007	KF254841.1	Hemiptera
1008	OK440873.1	Hemiptera
1009	NC_046740.1	Hemiptera
1010	MT079531.1	Hemiptera
1011	MT733873.1	Hemiptera
1012	MK907866.1	Hemiptera
1013	NC_048525.1	Hemiptera
1014	MZ617460.1	Hemiptera
1015	MN577440.1	Hemiptera
1016	MT350235.1	Hemiptera
1017	NC_012458.1	Hemiptera
1018	KX010420.1	Hemiptera
1019	MT556658.1	Hemiptera
1020	MF443235.1	Hemiptera
1021	MG515238.1	Hemiptera
1022	AY521251.1	Hemiptera
1023	OK440861.1	Hemiptera
1024	KX267740.1	Hemiptera
1025	MT079612.1	Hemiptera
1026	MT079694.1	Hemiptera
1027	NC_062605.1	Hemiptera
1028	MF043980.1	Hemiptera
1029	MW021148.1	Hemiptera
1030	MF497734.1	Hemiptera
1031	MW847246.1	Hemiptera
1032	NC_053870.1	Hemiptera
1033	NC_035685.1	Hemiptera
1034	MT079444.1	Hemiptera
1035	MT079450.1	Hemiptera
1036	MZ305077.1	Hemiptera
1037	MT079671.1	Hemiptera
1038	NC_044722.1	Hemiptera
1039	MT079558.1	Hemiptera
1040	MK645228.1	Hemiptera
1041	MK292901.1	Hemiptera
1042	NC_019594.1	Hemiptera
1043	NC_020143.1	Hemiptera
1044	MK292922.1	Hemiptera
1045	NC_044724.1	Hemiptera
1046	MZ823410.1	Hemiptera
1047	MN372209.1	Hemiptera
1048	NC_037146.1	Hemiptera
1049	NC_012888.1	Hemiptera
1050	MW899159.1	Hemiptera
1051	MT079596.1	Hemiptera
1052	MT079637.1	Hemiptera
1053	MT079449.1	Hemiptera
1054	MT079453.1	Hemiptera
1055	NC_063534.1	Hemiptera
1056	MT079652.1	Hemiptera
1057	KY069961.1	Hemiptera
1058	NC_024745.1	Hemiptera
1059	MT242599.1	Hemiptera
1060	MT079648.1	Hemiptera
1061	KY817245.1	Hemiptera
1062	MT079341.1	Hemiptera
1063	MF497707.1	Hemiptera
1064	KX505854.1	Hemiptera
1065	MN699874.1	Hemiptera
1066	MF177288.1	Hemiptera
1067	MW811104.1	Hemiptera
1068	NC_036012.1	Hemiptera
1069	MT079712.1	Hemiptera
1070	MT079649.1	Hemiptera
1071	KX447142.1	Hemiptera
1072	MH293460.1	Hemiptera
1073	OL697735.1	Hemiptera
1074	KY817243.1	Hemiptera
1075	MK292933.1	Hemiptera
1076	MT079373.1	Hemiptera
1077	MH844624.1	Hemiptera
1078	NC_037372.1	Hemiptera
1079	MT079668.1	Hemiptera
1080	NC_060691.1	Hemiptera
1081	MT079408.1	Hemiptera
1082	NC_036671.1	Hemiptera
1083	ON221379.1	Hemiptera
1084	NC_060808.1	Hemiptera
1085	MW538525.1	Hemiptera
1086	NC_058968.1	Hemiptera
1087	MK292947.1	Hemiptera
1088	MT079382.1	Hemiptera
1089	NC_050256.1	Hemiptera
1090	JQ739177.1	Hemiptera
1091	JQ806057.1	Hemiptera
1092	KU501214.1	Hemiptera
1093	MT079534.1	Hemiptera
1094	MN794065.1	Hemiptera
1095	NC_030043.1	Hemiptera
1096	MT079362.1	Hemiptera
1097	MW013764.1	Hemiptera
1098	KP316404.1	Hemiptera
1099	OL697742.1	Hemiptera
1100	NC_030363.1	Hemiptera
1101	MH293458.1	Hemiptera
1102	MT079358.1	Hemiptera
1103	NC_012842.1	Hemiptera
1104	MN704283.1	Hemiptera
1105	NC_039642.1	Hemiptera
1106	JQ739176.1	Hemiptera
1107	MT079517.1	Hemiptera
1108	NC_058967.1	Hemiptera
1109	KY039138.1	Hemiptera
1110	MW147460.1	Hemiptera
1111	MF497731.1	Hemiptera
1112	MT079591.1	Hemiptera
1113	MT757852.1	Hemiptera
1114	EU826088.1	Hemiptera
1115	NC_038111.1	Hemiptera
1116	NC_029155.1	Hemiptera
1117	MW916101.1	Hemiptera
1118	MT079441.1	Hemiptera
1119	MW218663.1	Hemiptera
1120	NC_061682.1	Hemiptera
1121	LC461184.1	Hemiptera
1122	MT079336.1	Hemiptera
1123	NC_058970.1	Hemiptera
1124	MT079396.1	Hemiptera
1125	MN560138.1	Hemiptera
1126	NC_061220.1	Hemiptera
1127	MG989234.1	Hemiptera
1128	MT079484.1	Hemiptera
1129	MT079488.1	Hemiptera
1130	MN577445.1	Hemiptera
1131	MT079678.1	Hemiptera
1132	MT079572.1	Hemiptera
1133	NC_060596.1	Hemiptera
1134	MF805778.1	Hemiptera
1135	MN560137.1	Hemiptera
1136	NC_012838.1	Hemiptera
1137	MT079375.1	Hemiptera
1138	NC_063694.1	Hemiptera
1139	NC_037742.1	Hemiptera
1140	MT079583.1	Hemiptera
1141	MK540501.1	Hemiptera
1142	NC_052876.1	Hemiptera
1143	NC_027489.1	Hemiptera
1144	MW847235.1	Hemiptera
1145	OL677864.1	Hemiptera
1146	MT079417.1	Hemiptera
1147	MK292963.1	Hemiptera
1148	NC_036352.1	Hemiptera
1149	NC_015842.1	Hemiptera
1150	KY039124.1	Hemiptera
1151	NC_051562.1	Hemiptera
1152	JQ780817.1	Hemiptera
1153	MT500855.1	Hemiptera
1154	MW021150.1	Hemiptera
1155	NC_060597.1	Hemiptera
1156	MW847244.1	Hemiptera
1157	MZ457332.1	Hemiptera
1158	MT079428.1	Hemiptera
1159	JF288758.2	Hemiptera
1160	MT079685.1	Hemiptera
1161	MT079718.1	Hemiptera
1162	NC_060690.1	Hemiptera
1163	NC_037042.1	Hemiptera
1164	MT556661.1	Hemiptera
1165	NC_036298.1	Hemiptera
1166	AY521259.2	Hemiptera
1167	MZ343195.1	Hemiptera
1168	MZ457331.1	Hemiptera
1169	MW619722.1	Hemiptera
1170	MZ014456.1	Hemiptera
1171	MF497720.1	Hemiptera
1172	MF043990.1	Hemiptera
1173	NC_038113.1	Hemiptera
1174	LK054492.1	Hemiptera
1175	NC_021417.1	Hemiptera
1176	NC_060743.1	Hemiptera
1177	MK292903.1	Hemiptera
1178	MW009064.1	Hemiptera
1179	MT079660.1	Hemiptera
1180	MT242600.1	Hemiptera
1181	MT556659.1	Hemiptera
1182	MW852483.1	Hemiptera
1183	MK292924.1	Hemiptera
1184	MT079676.1	Hemiptera
1185	MK111111.1	Hemiptera
1186	EU427335.1	Hemiptera
1187	KC887526.1	Hemiptera
1188	NC_053653.1	Hemiptera
1189	MF043981.1	Hemiptera
1190	MN780582.1	Hemiptera
1191	NC_052694.1	Hemiptera
1192	MF426267.1	Hemiptera
1193	MT079568.1	Hemiptera
1194	MT079352.1	Hemiptera
1195	NC_061679.1	Hemiptera
1196	MW847247.1	Hemiptera
1197	MT834932.1	Hemiptera
1198	NC_050329.1	Hemiptera
1199	MT861131.1	Hemiptera
1200	NC_061680.1	Hemiptera
1201	MT079557.1	Hemiptera
1202	NC_046031.1	Hemiptera
1203	NC_037074.1	Hemiptera
1204	MK292935.1	Hemiptera
1205	MT556664.1	Hemiptera
1206	EU725832.1	Hemiptera
1207	KY951447.1	Hemiptera
1208	NC_037733.1	Hemiptera
1209	OL069342.1	Hemiptera
1210	MT079621.1	Hemiptera
1211	MZ504904.1	Hemiptera
1212	NC_024581.1	Hemiptera
1213	MT079465.1	Hemiptera
1214	MN780584.1	Hemiptera
1215	MN577444.1	Hemiptera
1216	MW847238.1	Hemiptera
1217	MF784429.1	Hemiptera
1218	MG897128.1	Hemiptera
1219	MT079644.1	Hemiptera
1220	MW619720.1	Hemiptera
1221	NC_056240.1	Hemiptera
1222	MT079577.1	Hemiptera
1223	MT079555.1	Hemiptera
1224	KX345791.1	Hemiptera
1225	NC_012841.1	Hemiptera
1226	MK292909.1	Hemiptera
1227	MK292937.1	Hemiptera
1228	MG989226.1	Hemiptera
1229	MH492317.1	Hemiptera
1230	MN577439.1	Hemiptera
1231	MW288929.1	Hemiptera
1232	JN989543.1	Hemiptera
1233	MF043985.1	Hemiptera
1234	GQ337955.1	Hemiptera
1235	MZ433366.2	Hemiptera
1236	MT079432.1	Hemiptera
1237	KU350871.1	Hemiptera
1238	MN871977.1	Hemiptera
1239	NC_057479.1	Hemiptera
1240	KR559510.1	Hemiptera
1241	KU167550.1	Hemiptera
1242	MT079657.1	Hemiptera
1243	NC_035316.1	Hemiptera
1244	JF907591.1	Hemiptera
1245	KX345781.1	Hemiptera
1246	NC_015799.1	Hemiptera
1247	MF614814.1	Hemiptera
1248	KX505849.1	Hemiptera
1249	NC_013272.1	Hemiptera
1250	MT079335.1	Hemiptera
1251	MW872013.1	Hemiptera
1252	KC887531.1	Hemiptera
1253	MF176157.1	Hemiptera
1254	MF177289.1	Hemiptera
1255	MF614826.1	Hemiptera
1256	NC_029495.1	Hemiptera
1257	NC_050325.1	Hemiptera
1258	OM140688.1	Hemiptera
1259	MK292955.1	Hemiptera
1260	JQ910981.1	Hemiptera
1261	KY069965.1	Hemiptera
1262	MZ457327.1	Hemiptera
1263	MF498769.1	Hemiptera
1264	NC_042432.1	Hemiptera
1265	MT079498.1	Hemiptera
1266	NC_057522.1	Hemiptera
1267	MK292910.1	Hemiptera
1268	MT381994.1	Hemiptera
1269	MT079473.1	Hemiptera
1270	OK440862.1	Hemiptera
1271	NC_038137.1	Hemiptera
1272	OL697746.1	Hemiptera
1273	EU427346.1	Hemiptera
1274	MT079386.1	Hemiptera
1275	MT079355.1	Hemiptera
1276	MT332318.1	Hemiptera
1277	NC_042802.1	Hemiptera
1278	MT079707.1	Hemiptera
1279	NC_060486.1	Hemiptera
1280	NC_063541.1	Hemiptera
1281	MT880240.1	Hemiptera
1282	MT527187.1	Hemiptera
1283	NC_058976.1	Hemiptera
1284	MN227166.1	Hemiptera
1285	MN027273.1	Hemiptera
1286	KU761949.1	Hemiptera
1287	NC_028154.1	Hemiptera
1288	JQ780816.1	Hemiptera
1289	MT079383.1	Hemiptera
1290	NC_011594.1	Hemiptera
1291	NC_058963.1	Hemiptera
1292	MW847242.1	Hemiptera
1293	MT079609.1	Hemiptera
1294	MT079721.1	Hemiptera
1295	MT079579.1	Hemiptera
1296	NC_044721.1	Hemiptera
1297	MW839575.1	Hemiptera
1298	MT079339.1	Hemiptera
1299	MW533712.1	Hemiptera
1300	NC_037788.1	Diptera
1301	GU108467.1	Diptera
1302	NC_037802.1	Diptera
1303	MZ382501.1	Diptera
1304	MH540748.1	Diptera
1305	NC_027290.1	Diptera
1306	MZ420564.1	Diptera
1307	KP843852.1	Diptera
1308	MW373523.1	Diptera
1309	KP995260.1	Diptera
1310	KX887321.1	Diptera
1311	OL753645.1	Diptera
1312	NC_037826.1	Diptera
1313	MG421019.1	Diptera
1314	MZ382519.1	Diptera
1315	KT382823.1	Diptera
1316	MT917143.1	Diptera
1317	MG742183.1	Diptera
1318	MF381696.1	Diptera
1319	NC_042379.1	Diptera
1320	MZ382502.1	Diptera
1321	NC_016202.1	Diptera
1322	MF966383.1	Diptera
1323	MW592362.1	Diptera
1324	NC_061662.1	Diptera
1325	MK940811.1	Diptera
1326	NC_030250.1	Diptera
1327	MT471322.1	Diptera
1328	NC_042908.1	Diptera
1329	MF381609.1	Diptera
1330	NC_037500.1	Diptera
1331	OL681849.1	Diptera
1332	MT917148.1	Diptera
1333	MF381712.1	Diptera
1334	KM244730.1	Diptera
1335	MK575474.1	Diptera
1336	KT382817.1	Diptera
1337	MT917128.1	Diptera
1338	NC_047405.1	Diptera
1339	NC_057101.1	Diptera
1340	KT597923.1	Diptera
1341	MW182416.1	Diptera
1342	MF381622.1	Diptera
1343	MF381670.1	Diptera
1344	MF381628.1	Diptera
1345	MH879761.1	Diptera
1346	MK659834.1	Diptera
1347	MF381582.1	Diptera
1348	MF381686.1	Diptera
1349	NC_050968.1	Diptera
1350	NC_028057.1	Diptera
1351	MF381630.1	Diptera
1352	MZ382526.1	Diptera
1353	MK607086.1	Diptera
1354	GU108475.1	Diptera
1355	OK298480.1	Diptera
1356	MN714223.1	Diptera
1357	MZ382474.1	Diptera
1358	MZ382512.1	Diptera
1359	GU108466.1	Diptera
1360	JX913749.1	Diptera
1361	MZ382536.1	Diptera
1362	JX913746.1	Diptera
1363	MG742164.1	Diptera
1364	NC_011596.1	Diptera
1365	KT119344.1	Diptera
1366	MW029469.1	Diptera
1367	NC_027937.1	Diptera
1368	MT511109.1	Diptera
1369	JX219735.1	Diptera
1370	MZ382476.1	Diptera
1371	MF381632.1	Diptera
1372	MK575473.1	Diptera
1373	NC_041073.1	Diptera
1374	MT917133.1	Diptera
1375	OM214527.1	Diptera
1376	KF824876.1	Diptera
1377	NC_025936.1	Diptera
1378	NC_027502.1	Diptera
1379	MT917172.1	Diptera
1380	JX913760.1	Diptera
1381	NC_019635.1	Diptera
1382	NC_030246.1	Diptera
1383	MZ382495.1	Diptera
1384	JX913741.1	Diptera
1385	MF381645.1	Diptera
1386	MN389470.1	Diptera
1387	KU551283.1	Diptera
1388	MZ233625.1	Diptera
1389	NC_009733.1	Diptera
1390	MN477221.1	Diptera
1391	MZ382529.1	Diptera
1392	MF381725.1	Diptera
1393	NC_050969.1	Diptera
1394	MT679543.1	Diptera
1395	MW027531.1	Diptera
1396	MT036792.1	Diptera
1397	MK659849.1	Diptera
1398	KF824881.1	Diptera
1399	MT917174.1	Diptera
1400	DQ866052.1	Diptera
1401	MT682536.1	Diptera
1402	MT036799.1	Diptera
1403	OL742441.1	Diptera
1404	MK575478.1	Diptera
1405	NC_025944.1	Diptera
1406	MZ382503.1	Diptera
1407	NC_037910.1	Diptera
1408	KP843847.1	Diptera
1409	MG816562.1	Diptera
1410	MK742870.1	Diptera
1411	MW592695.1	Diptera
1412	NC_063610.1	Diptera
1413	MG816557.1	Diptera
1414	MW727270.1	Diptera
1415	MG742159.1	Diptera
1416	KJ701506.1	Diptera
1417	NC_054323.1	Diptera
1418	NC_041079.1	Diptera
1419	MT917140.1	Diptera
1420	MZ382528.1	Diptera
1421	KM676218.1	Diptera
1422	MW429439.1	Diptera
1423	NC_051549.1	Diptera
1424	MF381653.1	Diptera
1425	NC_017605.1	Diptera
1426	NC_054321.1	Diptera
1427	NC_051975.1	Diptera
1428	JX913740.1	Diptera
1429	MF381693.1	Diptera
1430	JX913745.1	Diptera
1431	KU578262.1	Diptera
1432	MF381672.1	Diptera
1433	NC_030248.1	Diptera
1434	MF381606.1	Diptera
1435	MF381703.1	Diptera
1436	NC_028025.1	Diptera
1437	NC_029753.1	Diptera
1438	MH879757.1	Diptera
1439	MN389468.1	Diptera
1440	MN161586.1	Diptera
1441	KX372561.1	Diptera
1442	KR677103.1	Diptera
1443	NC_052908.1	Diptera
1444	HQ335347.1	Diptera
1445	NC_056373.1	Diptera
1446	GU108459.1	Diptera
1447	NC_053880.1	Diptera
1448	MG930830.1	Diptera
1449	NC_060568.1	Diptera
1450	NC_045530.1	Diptera
1451	NC_019631.1	Diptera
1452	JN861744.1	Diptera
1453	KP843849.1	Diptera
1454	ON055372.1	Diptera
1455	NC_037807.1	Diptera
1456	NC_037806.1	Diptera
1457	MZ520739.1	Diptera
1458	MT757854.1	Diptera
1459	MN131048.1	Diptera
1460	KF824878.1	Diptera
1461	MK514083.1	Diptera
1462	MZ087939.1	Diptera
1463	NC_026292.1	Diptera
1464	NC_053652.1	Diptera
1465	MG916968.1	Diptera
1466	MT036797.1	Diptera
1467	MW531675.1	Diptera
1468	NC_020769.1	Diptera
1469	KX926433.1	Diptera
1470	KT382827.1	Diptera
1471	MZ382539.1	Diptera
1472	NC_034922.1	Diptera
1473	MW172435.1	Diptera
1474	MF381599.1	Diptera
1475	MN389464.1	Diptera
1476	MK870078.1	Diptera
1477	MN389467.1	Diptera
1478	MT410786.1	Diptera
1479	NC_060842.1	Diptera
1480	MN389463.1	Diptera
1481	NC_016865.1	Diptera
1482	KF824856.1	Diptera
1483	MW592359.1	Diptera
1484	MK659848.1	Diptera
1485	MF381633.1	Diptera
1486	NC_027254.1	Diptera
1487	MT917146.1	Diptera
1488	NC_014402.1	Diptera
1489	KF824858.1	Diptera
1490	NC_063855.1	Diptera
1491	MF509893.1	Diptera
1492	MT043309.1	Diptera
1493	NC_037817.1	Diptera
1494	MZ127839.1	Diptera
1495	MW042671.1	Diptera
1496	MT036770.1	Diptera
1497	NC_059036.1	Diptera
1498	JN861747.1	Diptera
1499	MT917173.1	Diptera
1500	KM200724.1	Diptera
1501	NC_038158.1	Diptera
1502	MH879762.1	Diptera
1503	MK659814.1	Diptera
1504	MZ747094.1	Diptera
1505	GU108476.1	Diptera
1506	MT906334.1	Diptera
1507	KU764535.1	Diptera
1508	MH321208.1	Diptera
1509	NC_054322.1	Diptera
1510	NC_063942.1	Diptera
1511	MF509887.1	Diptera
1512	KC005711.1	Diptera
1513	MN912823.1	Diptera
1514	NC_046767.1	Diptera
1515	GU108464.1	Diptera
1516	MK659807.1	Diptera
1517	NC_020463.1	Diptera
1518	MF381682.1	Diptera
1519	NC_020768.1	Diptera
1520	MG816543.1	Diptera
1521	MZ382491.1	Diptera
1522	MF381592.1	Diptera
1523	MT036780.1	Diptera
1524	NC_059037.1	Diptera
1525	MG742171.1	Diptera
1526	KM676414.1	Diptera
1527	MG930886.1	Diptera
1528	KT444441.1	Diptera
1529	NC_008756.1	Diptera
1530	MF381613.1	Diptera
1531	MG742186.1	Diptera
1532	MK994187.1	Diptera
1533	ON099429.1	Diptera
1534	MF040163.1	Diptera
1535	MH817480.1	Diptera
1536	KP722192.1	Diptera
1537	OM302508.1	Diptera
1538	NC_041078.1	Diptera
1539	DQ029097.1	Diptera
1540	NC_054251.1	Diptera
1541	NC_039824.1	Diptera
1542	GU108470.1	Diptera
1543	MK659828.1	Diptera
1544	MN389472.1	Diptera
1545	NC_037793.1	Diptera
1546	OL681851.1	Diptera
1547	MT917158.1	Diptera
1548	MF381676.1	Diptera
1549	MK659801.1	Diptera
1550	MK353462.1	Diptera
1551	MT426121.1	Diptera
1552	NC_050317.1	Diptera
1553	KF824874.1	Diptera
1554	NC_046768.1	Diptera
1555	JX219736.1	Diptera
1556	DQ995281.1	Diptera
1557	MZ382527.1	Diptera
1558	NC_053847.1	Diptera
1559	MZ202360.1	Diptera
1560	MZ382505.1	Diptera
1561	MT702880.1	Diptera
1562	MH879764.1	Diptera
1563	MZ272471.1	Diptera
1564	MG742195.1	Diptera
1565	KU351241.1	Diptera
1566	NC_037812.1	Diptera
1567	MG742197.1	Diptera
1568	JX913755.1	Diptera
1569	MZ382483.1	Diptera
1570	MZ382473.1	Diptera
1571	NC_060566.1	Diptera
1572	NC_054190.1	Diptera
1573	KR677104.1	Diptera
1574	MW556014.1	Diptera
1575	GU188856.2	Diptera
1576	MN161588.1	Diptera
1577	KT174472.1	Diptera
1578	MW115422.1	Diptera
1579	NC_028015.1	Diptera
1580	DQ845759.1	Diptera
1581	MZ382544.1	Diptera
1582	MZ826151.1	Diptera
1583	NC_009772.1	Diptera
1584	MZ382543.1	Diptera
1585	MT036775.1	Diptera
1586	MH321204.1	Diptera
1587	OM214525.1	Diptera
1588	NC_039540.1	Diptera
1589	NC_045882.1	Diptera
1590	MG930876.1	Diptera
1591	MW116799.1	Diptera
1592	MT483943.1	Diptera
1593	NC_028223.1	Diptera
1594	MK742873.1	Diptera
1595	KR349297.1	Diptera
1596	NC_037827.1	Diptera
1597	MZ382537.1	Diptera
1598	MH521131.1	Diptera
1599	MK644820.1	Diptera
1600	MG742169.1	Diptera
1601	MK896866.1	Diptera
1602	GU108462.1	Diptera
1603	NC_047184.1	Diptera
1604	MZ382477.1	Diptera
1605	NC_037829.1	Diptera
1606	NC_057653.1	Diptera
1607	NC_057959.1	Hemiptera
1608	MZ382506.1	Diptera
1609	MG930828.1	Diptera
1610	NC_051891.1	Diptera
1611	MZ382482.1	Diptera
1612	MW592360.1	Diptera
1613	GU108474.1	Diptera
1614	NC_005333.1	Diptera
1615	MK955814.1	Diptera
1616	MF381591.1	Diptera
1617	MT917149.1	Diptera
1618	NC_051551.1	Diptera
1619	KF824869.1	Diptera
1620	JX913756.1	Diptera
1621	MF381681.1	Diptera
1622	MW116798.1	Diptera
1623	MT938921.1	Diptera
1624	MT036769.1	Diptera
1625	MT785723.1	Diptera
1626	MT917156.1	Diptera
1627	NC_054317.1	Diptera
1628	KX534207.1	Diptera
1629	MT917144.1	Diptera
1630	KC005712.1	Diptera
1631	MG742178.1	Diptera
1632	MW556018.1	Diptera
1633	MH937749.1	Diptera
1634	KF824889.1	Diptera
1635	MT679545.1	Diptera
1636	KP843848.1	Diptera
1637	NC_032690.1	Diptera
1638	MF381694.1	Diptera
1639	MW556020.1	Diptera
1640	KP843851.1	Diptera
1641	MK659821.1	Diptera
1642	MZ048036.1	Diptera
1643	NC_024856.1	Diptera
1644	MZ361706.1	Diptera
1645	MK644821.1	Diptera
1646	MK575477.1	Diptera
1647	MG941012.1	Diptera
1648	KF824873.1	Diptera
1649	MK659804.1	Diptera
1650	KF824886.1	Diptera
1651	KR068634.1	Diptera
1652	NC_002660.1	Diptera
1653	KF824863.1	Diptera
1654	MZ747091.1	Diptera
1655	NC_037823.1	Diptera
1656	HQ333260.1	Diptera
1657	NC_016167.1	Diptera
1658	NC_061399.1	Diptera
1659	KF974742.1	Diptera
1660	NC_057505.1	Diptera
1661	MG742177.1	Diptera
1662	NC_025473.1	Diptera
1663	NC_060867.1	Diptera
1664	OK662582.1	Diptera
1665	AY072044.1	Diptera
1666	MH521132.1	Diptera
1667	MG742199.1	Diptera
1668	NC_020770.1	Diptera
1669	OL322703.1	Diptera
1670	KT382821.1	Diptera
1671	MH024396.1	Diptera
1672	MF381612.1	Diptera
1673	NC_042907.1	Diptera
1674	MZ520733.1	Diptera
1675	NC_062634.1	Diptera
1676	OM302506.1	Diptera
1677	NC_044669.1	Diptera
1678	MN833258.1	Diptera
1679	DQ917578.1	Diptera
1680	NC_028056.1	Diptera
1681	NC_054316.1	Diptera
1682	MG930877.1	Diptera
1683	MH900081.1	Diptera
1684	GU108473.1	Diptera
1685	MW091497.1	Diptera
1686	MT036767.1	Diptera
1687	NC_044655.1	Diptera
1688	NC_049063.1	Diptera
1689	MF194022.1	Diptera
1690	MW846254.1	Diptera
1691	MG816541.1	Diptera
1692	NC_029812.1	Diptera
1693	MH879759.1	Diptera
1694	NC_030718.1	Diptera
1695	NC_037798.1	Diptera
1696	KF824882.1	Diptera
1697	MK893471.1	Diptera
1698	NC_050319.1	Diptera
1699	OL753648.1	Diptera
1700	MT917131.1	Diptera
1701	MZ382545.1	Diptera
1702	JN570505.1	Diptera
1703	KT852976.1	Diptera
1704	HQ335349.1	Diptera
1705	KF824864.1	Diptera
1706	MF381598.1	Diptera
1707	MK293875.1	Diptera
1708	NC_050314.1	Diptera
1709	OK631974.1	Diptera
1710	HQ130030.1	Diptera
1711	KX383916.1	Diptera
1712	MK575475.1	Diptera
1713	NC_059897.1	Diptera
1714	OM302509.1	Diptera
1715	MT917166.1	Diptera
1716	NC_000857.1	Diptera
1717	MG816566.1	Diptera
1718	NC_059869.1	Diptera
1719	MF381720.1	Diptera
1720	MK575487.1	Diptera
1721	NC_063862.1	Diptera
1722	MF381601.1	Diptera
1723	MT917152.1	Diptera
1724	MF509890.1	Diptera
1725	GU108479.1	Diptera
1726	MZ261913.1	Diptera
1727	NC_062140.1	Diptera
1728	NC_028220.1	Diptera
1729	MK575483.1	Diptera
1730	MF381713.1	Diptera
1731	MF381732.1	Diptera
1732	MK955807.1	Diptera
1733	MF381626.1	Diptera
1734	MF381659.1	Diptera
1735	MZ382523.1	Diptera
1736	MF381728.1	Diptera
1737	MF381583.1	Diptera
1738	NC_061658.1	Diptera
1739	MG816548.1	Diptera
1740	MT917178.1	Diptera
1741	MN342085.1	Diptera
1742	MW727271.1	Diptera
1743	MW592366.1	Diptera
1744	MT036771.1	Diptera
1745	MT917151.1	Diptera
1746	NC_028216.1	Diptera
1747	MZ382521.1	Diptera
1748	NC_054312.1	Diptera
1749	MF381695.1	Diptera
1750	NC_037799.1	Diptera
1751	NC_063664.1	Diptera
1752	MT757848.1	Diptera
1753	MZ382530.1	Diptera
1754	MF358969.1	Diptera
1755	MG816554.1	Diptera
1756	MF381646.1	Diptera
1757	KF824861.1	Diptera
1758	MH823369.1	Diptera
1759	NC_062705.1	Diptera
1760	KR732656.1	Diptera
1761	MW592365.1	Diptera
1762	MG816556.1	Diptera
1763	MZ382484.1	Diptera
1764	NC_018787.1	Diptera
1765	NC_046942.1	Diptera
1766	MZ158295.1	Diptera
1767	NC_044663.1	Diptera
1768	MZ382497.1	Diptera
1769	NC_036007.1	Diptera
1770	NC_061932.1	Diptera
1771	MT036787.1	Diptera
1772	NC_036005.1	Diptera
1773	NC_028215.1	Diptera
1774	KT159731.1	Diptera
1775	OL753647.1	Diptera
1776	MN481519.1	Diptera
1777	MF381600.1	Diptera
1778	MF381625.1	Diptera
1779	MK870079.1	Diptera
1780	NC_063098.1	Diptera
1781	U37541.1	Diptera
1782	KX753344.1	Diptera
1783	NC_039827.1	Diptera
1784	OM156425.1	Diptera
1785	MN814272.1	Diptera
1786	NC_053636.1	Diptera
1787	KF824877.1	Diptera
1788	JX913752.1	Diptera
1789	MT917163.1	Diptera
1790	MZ382514.1	Diptera
1791	MG930893.1	Diptera
1792	MZ826152.1	Diptera
1793	MW580773.1	Diptera
1794	KF824894.1	Diptera
1795	MT917181.1	Diptera
1796	MH900079.1	Diptera
1797	MZ398236.1	Diptera
1798	NC_015926.1	Diptera
1799	MF381726.1	Diptera
1800	KT382816.1	Diptera
1801	KF824899.1	Diptera
1802	MF381595.1	Diptera
1803	MF381689.1	Diptera
1804	NC_050932.1	Diptera
1805	NC_013932.1	Diptera
1806	NC_042911.1	Diptera
1807	NC_057652.1	Diptera
1808	JX913738.1	Diptera
1809	MT185683.1	Diptera
1810	MF381649.1	Diptera
1811	KP711431.1	Diptera
1812	MW116801.1	Diptera
1813	NC_050312.1	Diptera
1814	MZ231029.1	Diptera
1815	MZ382516.1	Diptera
1816	NC_061972.1	Diptera
1817	MW042672.1	Diptera
1818	MW173029.1	Diptera
1819	MG742158.1	Diptera
1820	MF381586.1	Diptera
1821	MN389460.1	Diptera
1822	MF381615.1	Diptera
1823	MK893470.1	Diptera
1824	NC_014611.1	Diptera
1825	MF381707.1	Diptera
1826	MW042670.1	Diptera
1827	MZ382485.1	Diptera
1828	MF381651.1	Diptera
1829	KF824895.1	Diptera
1830	NC_052907.1	Diptera
1831	KP843853.1	Diptera
1832	MG930869.1	Diptera
1833	MZ382542.1	Diptera
1834	MT036783.1	Diptera
1835	NC_059870.1	Diptera
1836	MW846316.1	Diptera
1837	MF381647.1	Diptera
1838	MK575490.1	Diptera
1839	MK955813.1	Diptera
1840	MZ382475.1	Diptera
1841	MW182417.1	Diptera
1842	MF381702.1	Diptera
1843	JQ686694.1	Diptera
1844	MT845210.1	Diptera
1845	NC_054314.1	Diptera
1846	NC_016203.1	Diptera
1847	KT881558.1	Diptera
1848	MW438309.1	Diptera
1849	OK032510.1	Diptera
1850	KT851543.1	Diptera
1851	MZ043578.1	Diptera
1852	OM287601.1	Diptera
1853	MF381687.1	Diptera
1854	MT036781.1	Diptera
1855	MT180970.1	Diptera
1856	MF381716.1	Diptera
1857	KF824880.1	Diptera
1858	MK742871.1	Diptera
1859	MW846255.1	Diptera
1860	MW296030.1	Diptera
1861	MH540745.1	Diptera
1862	NC_044660.1	Diptera
1863	MZ382538.1	Diptera
1864	MF966384.1	Diptera
1865	MG930863.1	Diptera
1866	KT881556.1	Diptera
1867	MK659813.1	Diptera
1868	NC_053984.1	Diptera
1869	MZ231026.1	Diptera
1870	NC_028213.1	Diptera
1871	MW556017.1	Diptera
1872	NC_037821.1	Diptera
1873	MG930888.1	Diptera
1874	OM302504.1	Diptera
1875	MF381616.1	Diptera
1876	NC_056282.1	Diptera
1877	NC_054320.1	Diptera
1878	NC_051492.1	Diptera
1879	NC_028347.1	Diptera
1880	MF381607.1	Diptera
1881	NC_037195.1	Diptera
1882	NC_002084.1	Diptera
1883	MN604259.1	Diptera
1884	MK659845.1	Diptera
1885	MT949690.1	Diptera
1886	MT511123.1	Diptera
1887	KU551289.1	Diptera
1888	MT036790.1	Diptera
1889	KM657113.1	Diptera
1890	MG742167.1	Diptera
1891	NC_044652.1	Diptera
1892	KF824868.1	Diptera
1893	MT757856.1	Diptera
1894	NC_046946.1	Diptera
1895	HQ335348.1	Diptera
1896	MZ382525.1	Diptera
1897	MT036768.1	Diptera
1898	MF774217.1	Diptera
1899	MF381701.1	Diptera
1900	MF509888.1	Diptera
1901	NC_039826.1	Diptera
1902	NC_039823.1	Diptera
1903	MZ567016.1	Diptera
1904	MG566056.1	Diptera
1905	NC_037820.1	Diptera
1906	MF381674.1	Diptera
1907	MW074962.1	Diptera
1908	JN861748.1	Diptera
1909	MF381690.1	Diptera
1910	OL753649.1	Diptera
1911	MN531847.1	Diptera
1912	NC_026112.1	Diptera
1913	NC_041089.1	Diptera
1914	NC_060642.1	Diptera
1915	MF381605.1	Diptera
1916	MF381638.1	Diptera
1917	MF381664.1	Diptera
1918	KT026595.1	Diptera
1919	NC_056265.1	Diptera
1920	NC_028327.1	Diptera
1921	MG786426.1	Diptera
1922	KT899888.1	Diptera
1923	JX219734.1	Diptera
1924	NC_047403.1	Diptera
1925	MG742163.1	Diptera
1926	MN389469.1	Diptera
1927	MG735216.1	Diptera
1928	MT679544.1	Diptera
1929	MN531848.1	Diptera
1930	MH879765.1	Diptera
1931	MK659820.1	Diptera
1932	NC_060505.1	Diptera
1933	MW373526.1	Diptera
1934	MZ382511.1	Diptera
1935	MN104219.1	Diptera
1936	KT936147.1	Diptera
1937	NC_060502.1	Diptera
1938	MF957173.1	Diptera
1939	MG816555.1	Diptera
1940	NC_019633.1	Diptera
1941	MK000395.1	Diptera
1942	MT036779.1	Diptera
1943	DQ146364.1	Diptera
1944	NC_014275.1	Diptera
1945	GU327644.1	Diptera
1946	MK007046.1	Diptera
1947	MF381590.1	Diptera
1948	MT036786.1	Diptera
1949	NC_057251.1	Diptera
1950	MW755974.1	Coleoptera
1951	KY992943.1	Coleoptera
1952	NC_061633.1	Coleoptera
1953	NC_044712.1	Coleoptera
1954	KX087288.1	Coleoptera
1955	OL397054.1	Coleoptera
1956	MN178497.1	Coleoptera
1957	NC_054189.1	Coleoptera
1958	MN607219.1	Coleoptera
1959	KX035179.1	Coleoptera
1960	OK012569.1	Coleoptera
1961	NC_060769.1	Coleoptera
1962	MT232762.1	Coleoptera
1963	MH427718.1	Coleoptera
1964	NC_051548.1	Coleoptera
1965	MW476521.1	Coleoptera
1966	NC_046481.1	Coleoptera
1967	KY549398.1	Coleoptera
1968	MN447521.1	Coleoptera
1969	MT371041.1	Coleoptera
1970	NC_044714.1	Coleoptera
1971	NC_013554.1	Coleoptera
1972	KX161855.1	Coleoptera
1973	NC_036507.1	Coleoptera
1974	NC_052896.1	Coleoptera
1975	NC_058236.1	Coleoptera
1976	MT610905.1	Coleoptera
1977	MT822982.1	Coleoptera
1978	MZ189364.1	Coleoptera
1979	MK192782.1	Coleoptera
1980	MT822985.1	Coleoptera
1981	NC_057545.1	Coleoptera
1982	MN829437.1	Coleoptera
1983	MW617355.1	Coleoptera
1984	AF467886.1	Coleoptera
1985	NC_061181.1	Coleoptera
1986	KP455510.1	Coleoptera
1987	ON303726.1	Coleoptera
1988	OK135167.1	Coleoptera
1989	MF351622.1	Coleoptera
1990	KT780657.1	Coleoptera
1991	MW465260.1	Coleoptera
1992	KT696242.1	Coleoptera
1993	MT822995.1	Coleoptera
1994	MF621709.1	Coleoptera
1995	MH120284.1	Coleoptera
1996	KT876905.1	Coleoptera
1997	KX087255.1	Coleoptera
1998	NC_027506.1	Lepidoptera
1999	MZ342777.1	Coleoptera
2000	NC_041172.1	Coleoptera
2001	NC_045929.1	Coleoptera
2002	NC_063127.1	Coleoptera
2003	NC_044700.1	Coleoptera
2004	GU176341.1	Coleoptera
2005	MG674390.1	Coleoptera
2006	KX087355.1	Coleoptera
2007	KX035204.1	Coleoptera
2008	MF686051.1	Coleoptera
2009	MT113336.1	Coleoptera
2010	MT826860.1	Coleoptera
2011	OL753086.1	Coleoptera
2012	MK359257.1	Coleoptera
2013	KT876909.1	Coleoptera
2014	NC_046469.1	Coleoptera
2015	MW419951.1	Coleoptera
2016	OK110248.1	Coleoptera
2017	MN420466.1	Coleoptera
2018	MN420465.1	Coleoptera
2019	NC_039705.1	Coleoptera
2020	MK049871.1	Coleoptera
2021	NC_051937.1	Coleoptera
2022	MZ054170.1	Coleoptera
2023	KT696264.1	Coleoptera
2024	NC_046890.1	Coleoptera
2025	MH477595.1	Coleoptera
2026	OM744396.1	Coleoptera
2027	KX035161.1	Coleoptera
2028	NC_028203.1	Coleoptera
2029	MW291531.1	Coleoptera
2030	KT780638.1	Coleoptera
2031	MK570750.1	Coleoptera
2032	NC_044851.1	Coleoptera
2033	ON183351.1	Coleoptera
2034	NC_053826.1	Coleoptera
2035	KY292221.1	Coleoptera
2036	MT653604.1	Coleoptera
2037	MN900864.1	Coleoptera
2038	NC_052887.1	Coleoptera
2039	NC_023453.1	Coleoptera
2040	MW465251.1	Coleoptera
2041	MK292117.1	Coleoptera
2042	NC_044788.1	Coleoptera
2043	KT876886.1	Coleoptera
2044	KY856743.1	Coleoptera
2045	KF669870.1	Coleoptera
2046	KT876892.1	Coleoptera
2047	KY039143.1	Coleoptera
2048	MK049868.1	Coleoptera
2049	NC_028597.1	Coleoptera
2050	EU877950.1	Coleoptera
2051	NC_037927.1	Coleoptera
2052	NC_036044.1	Coleoptera
2053	MW465252.1	Coleoptera
2054	MK238348.1	Coleoptera
2055	OM215199.1	Coleoptera
2056	MZ342786.1	Coleoptera
2057	MW713448.1	Coleoptera
2058	NC_023246.1	Coleoptera
2059	DQ768215.1	Coleoptera
2060	MK292113.1	Coleoptera
2061	NC_030060.1	Coleoptera
2062	NC_052885.1	Coleoptera
2063	MN420469.1	Coleoptera
2064	NC_044791.1	Coleoptera
2065	NC_050888.1	Coleoptera
2066	MT822970.1	Coleoptera
2067	MH197100.1	Coleoptera
2068	NC_060874.1	Coleoptera
2069	MN473111.1	Coleoptera
2070	MW364565.1	Coleoptera
2071	MN580549.1	Coleoptera
2072	MF612068.1	Coleoptera
2073	NC_036157.1	Coleoptera
2074	NC_036353.1	Coleoptera
2075	MW528208.1	Coleoptera
2076	MG739327.1	Coleoptera
2077	NC_050892.1	Coleoptera
2078	NC_061630.1	Coleoptera
2079	OM161962.1	Coleoptera
2080	MW853764.1	Coleoptera
2081	NC_053904.1	Coleoptera
2082	NC_062615.1	Coleoptera
2083	NC_050313.1	Coleoptera
2084	NC_044711.1	Coleoptera
2085	MG253029.1	Coleoptera
2086	GU176345.1	Coleoptera
2087	KY773687.1	Coleoptera
2088	KX161854.1	Coleoptera
2089	NC_036278.1	Coleoptera
2090	KX035208.1	Coleoptera
2091	NC_028604.1	Coleoptera
2092	KM112084.1	Coleoptera
2093	NC_036273.1	Coleoptera
2094	MK049856.1	Coleoptera
2095	MZ748471.1	Coleoptera
2096	NC_041169.1	Coleoptera
2097	NC_063146.1	Coleoptera
2098	NC_062817.1	Coleoptera
2099	KX229747.1	Coleoptera
2100	NC_045068.1	Coleoptera
2101	MG253028.1	Coleoptera
2102	MW007724.1	Coleoptera
2103	MT653610.1	Coleoptera
2104	MN245975.1	Coleoptera
2105	MW617356.1	Coleoptera
2106	NC_049880.1	Coleoptera
2107	MW256421.1	Coleoptera
2108	NC_036269.1	Coleoptera
2109	OM830233.1	Coleoptera
2110	NC_036282.1	Coleoptera
2111	MK947052.1	Coleoptera
2112	NC_053905.1	Coleoptera
2113	KX087330.1	Coleoptera
2114	MK049872.1	Coleoptera
2115	KX035213.1	Coleoptera
2116	KX035202.1	Coleoptera
2117	MW544035.1	Coleoptera
2118	NC_028541.1	Coleoptera
2119	KT780684.1	Coleoptera
2120	NC_013578.1	Coleoptera
2121	MK088481.1	Coleoptera
2122	MW544036.1	Coleoptera
2123	NC_028611.1	Coleoptera
2124	KT876914.1	Coleoptera
2125	MT822975.1	Coleoptera
2126	NC_053930.1	Coleoptera
2127	NC_032062.1	Coleoptera
2128	KT696252.1	Coleoptera
2129	MN442320.1	Coleoptera
2130	MG584727.1	Coleoptera
2131	NC_051945.1	Coleoptera
2132	MT653606.1	Coleoptera
2133	KT876881.1	Coleoptera
2134	KX035171.1	Coleoptera
2135	KT696189.1	Coleoptera
2136	KX035166.1	Coleoptera
2137	KX087286.1	Coleoptera
2138	NC_054362.1	Coleoptera
2139	NC_060603.1	Coleoptera
2140	KX035147.1	Coleoptera
2141	KT696232.1	Coleoptera
2142	KX087243.1	Coleoptera
2143	NC_046035.1	Coleoptera
2144	NC_062855.1	Coleoptera
2145	MW632131.1	Coleoptera
2146	KX035193.1	Coleoptera
2147	NC_037196.1	Coleoptera
2148	MT826861.1	Coleoptera
2149	MT823005.1	Coleoptera
2150	MF612067.1	Coleoptera
2151	MK134565.1	Coleoptera
2152	NC_050294.1	Coleoptera
2153	NC_043928.1	Coleoptera
2154	MG021079.1	Coleoptera
2155	MW465268.1	Coleoptera
2156	MN900863.1	Coleoptera
2157	MK049876.1	Coleoptera
2158	NC_059900.1	Coleoptera
2159	OL348433.1	Coleoptera
2160	KX087289.1	Coleoptera
2161	NC_036280.1	Coleoptera
2162	NC_057259.1	Coleoptera
2163	EU877949.1	Coleoptera
2164	NC_046588.1	Coleoptera
2165	OL597607.1	Coleoptera
2166	NC_008221.1	Coleoptera
2167	KY039109.1	Coleoptera
2168	MN604384.1	Coleoptera
2169	KT876897.1	Coleoptera
2170	NC_038225.1	Coleoptera
2171	MN447435.1	Coleoptera
2172	MW465248.1	Coleoptera
2173	NC_054236.1	Coleoptera
2174	OK189517.1	Coleoptera
2175	MK059422.1	Coleoptera
2176	MT822973.1	Coleoptera
2177	MN164645.1	Coleoptera
2178	NC_061195.1	Coleoptera
2179	MW201671.1	Coleoptera
2180	KY856744.1	Coleoptera
2181	KT780687.1	Coleoptera
2182	MK614509.1	Coleoptera
2183	NC_037218.1	Coleoptera
2184	KX035180.1	Coleoptera
2185	OK509080.1	Coleoptera
2186	NC_053876.1	Coleoptera
2187	KY039100.1	Coleoptera
2188	MF563963.1	Coleoptera
2189	KX087264.1	Coleoptera
2190	OK484314.1	Coleoptera
2191	MW067123.1	Coleoptera
2192	OK484308.1	Coleoptera
2193	KX035187.1	Coleoptera
2194	MF497821.1	Coleoptera
2195	NC_052890.1	Coleoptera
2196	KY039111.1	Coleoptera
2197	NC_052889.1	Coleoptera
2198	NC_028609.1	Coleoptera
2199	MW450884.1	Coleoptera
2200	NC_060602.1	Coleoptera
2201	NC_050854.1	Coleoptera
2202	NC_039710.1	Coleoptera
2203	MZ342784.1	Coleoptera
2204	NC_063826.1	Coleoptera
2205	MT445723.1	Coleoptera
2206	KT780699.1	Coleoptera
2207	NC_028608.1	Coleoptera
2208	KC775706.1	Coleoptera
2209	MN122870.1	Coleoptera
2210	MF997049.1	Coleoptera
2211	NC_042417.1	Coleoptera
2212	NC_018349.1	Coleoptera
2213	NC_039712.1	Coleoptera
2214	KX035190.1	Coleoptera
2215	NC_057553.1	Coleoptera
2216	MF563962.1	Coleoptera
2217	MK654677.1	Coleoptera
2218	NC_009964.1	Coleoptera
2219	KT945156.1	Coleoptera
2220	MK988441.1	Coleoptera
2221	OK189522.1	Coleoptera
2222	MN164648.1	Coleoptera
2223	NC_044792.1	Coleoptera
2224	NC_028613.1	Coleoptera
2225	MT192098.1	Coleoptera
2226	NC_046589.1	Coleoptera
2227	MZ014623.1	Coleoptera
2228	MZ334467.1	Coleoptera
2229	KT780685.1	Coleoptera
2230	MK609965.1	Coleoptera
2231	KF364622.1	Coleoptera
2232	NC_045102.1	Coleoptera
2233	NC_041669.1	Coleoptera
2234	KT696179.1	Coleoptera
2235	MZ064554.1	Coleoptera
2236	NC_044793.1	Coleoptera
2237	NC_052895.1	Coleoptera
2238	NC_044850.1	Coleoptera
2239	KP420018.1	Coleoptera
2240	MW287594.1	Coleoptera
2241	MN162709.1	Coleoptera
2242	NC_030059.1	Coleoptera
2243	MW354515.1	Coleoptera
2244	NC_028602.1	Coleoptera
2245	MK654676.1	Coleoptera
2246	MT410790.1	Coleoptera
2247	MK792747.1	Coleoptera
2248	NC_038090.1	Coleoptera
2249	NC_063147.1	Coleoptera
2250	OM718874.1	Coleoptera
2251	NC_045246.1	Coleoptera
2252	MT874490.1	Coleoptera
2253	MW802252.1	Coleoptera
2254	NC_061636.1	Coleoptera
2255	KX035189.1	Coleoptera
2256	MK256930.1	Coleoptera
2257	KY778696.1	Coleoptera
2258	OL694145.1	Coleoptera
2259	MH638286.1	Coleoptera
2260	NC_054235.1	Coleoptera
2261	KY039140.1	Coleoptera
2262	OM112264.1	Coleoptera
2263	MN420476.1	Coleoptera
2264	MF614014.1	Coleoptera
2265	NC_046580.1	Coleoptera
2266	NC_058281.1	Coleoptera
2267	MW365444.1	Coleoptera
2268	KT696213.1	Coleoptera
2269	MH427658.1	Coleoptera
2270	NC_029230.1	Coleoptera
2271	NC_045901.1	Coleoptera
2272	KX087350.1	Coleoptera
2273	MH781547.1	Coleoptera
2274	NC_036262.1	Coleoptera
2275	MK049866.1	Coleoptera
2276	MW476523.1	Coleoptera
2277	MW732714.1	Coleoptera
2278	NC_039652.1	Coleoptera
2279	KT696200.1	Coleoptera
2280	NC_040931.1	Coleoptera
2281	MT823003.1	Coleoptera
2282	NC_036267.1	Coleoptera
2283	NC_057548.1	Coleoptera
2284	KX161859.1	Coleoptera
2285	NC_057489.1	Coleoptera
2286	KY856745.1	Coleoptera
2287	NC_051934.1	Coleoptera
2288	EU826485.1	Coleoptera
2289	MF521835.1	Coleoptera
2290	KX035174.1	Coleoptera
2291	MT822968.1	Coleoptera
2292	KP994554.1	Coleoptera
2293	MK654679.1	Coleoptera
2294	MT809476.1	Coleoptera
2295	NC_059702.1	Coleoptera
2296	NC_036288.1	Coleoptera
2297	MK049855.1	Coleoptera
2298	KX035132.1	Coleoptera
2299	MK059424.1	Coleoptera
2300	NC_057549.1	Coleoptera
2301	MW067122.1	Coleoptera
2302	MT823004.1	Coleoptera
2303	NC_023937.1	Coleoptera
2304	EU877951.1	Coleoptera
2305	NC_013070.1	Coleoptera
2306	NC_044759.1	Coleoptera
2307	NC_061950.1	Coleoptera
2308	NC_053358.1	Coleoptera
2309	NC_028598.1	Coleoptera
2310	OK360631.1	Coleoptera
2311	KJ752724.2	Coleoptera
2312	MZ342781.1	Coleoptera
2313	MW415274.1	Coleoptera
2314	KX035220.1	Coleoptera
2315	NC_051943.1	Coleoptera
2316	KP313820.1	Coleoptera
2317	MG159815.1	Coleoptera
2318	KX087334.1	Coleoptera
2319	MT653605.1	Coleoptera
2320	MK863507.1	Coleoptera
2321	KT876896.1	Coleoptera
2322	KT363854.1	Coleoptera
2323	MT118665.1	Coleoptera
2324	KX035211.1	Coleoptera
2325	NC_027256.1	Coleoptera
2326	KT780651.1	Coleoptera
2327	NC_037200.1	Coleoptera
2328	MK421358.1	Coleoptera
2329	KY057374.1	Coleoptera
2330	KX035134.1	Coleoptera
2331	MW845811.1	Coleoptera
2332	NC_061687.1	Coleoptera
2333	OM161964.1	Coleoptera
2334	MK334129.1	Coleoptera
2335	KT780667.1	Coleoptera
2336	MK049854.1	Coleoptera
2337	GU176340.1	Coleoptera
2338	MW820160.1	Coleoptera
2339	MN686023.1	Coleoptera
2340	NC_045874.1	Coleoptera
2341	KT808465.1	Coleoptera
2342	NC_057550.1	Coleoptera
2343	KX035160.1	Coleoptera
2344	MN052901.1	Coleoptera
2345	MW822745.1	Coleoptera
2346	NC_044849.1	Coleoptera
2347	MH779812.1	Coleoptera
2348	MN420488.1	Coleoptera
2349	MK292091.1	Coleoptera
2350	KX035155.1	Coleoptera
2351	KT876904.1	Coleoptera
2352	NC_036285.1	Coleoptera
2353	MN370897.1	Coleoptera
2354	MW465255.1	Coleoptera
2355	KT876887.1	Coleoptera
2356	MW222470.1	Coleoptera
2357	KX035153.1	Coleoptera
2358	MW007726.1	Coleoptera
2359	KT876912.1	Coleoptera
2360	MN082609.1	Coleoptera
2361	MF491389.1	Coleoptera
2362	NC_052916.1	Coleoptera
2363	MW450885.1	Coleoptera
2364	KT780698.1	Coleoptera
2365	MT822988.1	Coleoptera
2366	OL804015.1	Coleoptera
2367	MK292094.1	Coleoptera
2368	KT780677.1	Coleoptera
2369	MK913589.1	Coleoptera
2370	OK484304.1	Coleoptera
2371	NC_052891.1	Coleoptera
2372	KX035219.1	Coleoptera
2373	GU176343.1	Coleoptera
2374	NC_012144.1	Coleoptera
2375	NC_062860.1	Coleoptera
2376	MH651351.1	Coleoptera
2377	NC_029515.1	Coleoptera
2378	KX035169.1	Coleoptera
2379	NC_050947.1	Coleoptera
2380	NC_059866.1	Coleoptera
2381	KT696248.1	Coleoptera
2382	NC_022671.1	Coleoptera
2383	MT874481.1	Coleoptera
2384	MG021084.1	Coleoptera
2385	MT822990.1	Coleoptera
2386	NC_027114.1	Coleoptera
2387	NC_051869.1	Coleoptera
2388	MH477597.1	Coleoptera
2389	KT876885.1	Coleoptera
2390	MW465261.1	Coleoptera
2391	MN722653.1	Coleoptera
2392	MT525962.1	Coleoptera
2393	KX035216.1	Coleoptera
2394	MW029385.1	Coleoptera
2395	MT822979.1	Coleoptera
2396	KP735804.1	Coleoptera
2397	NC_028605.1	Coleoptera
2398	NC_013580.1	Coleoptera
2399	MN604383.1	Coleoptera
2400	MK654678.1	Coleoptera
2401	MZ823388.1	Coleoptera
2402	MZ699994.1	Coleoptera
2403	MW476520.1	Coleoptera
2404	KR494279.1	Coleoptera
2405	NC_045838.1	Coleoptera
2406	MF943248.1	Coleoptera
2407	MK085754.1	Coleoptera
2408	NC_045247.1	Coleoptera
2409	NC_061216.1	Coleoptera
2410	OK484305.1	Coleoptera
2411	MK049874.1	Coleoptera
2412	MZ014624.1	Coleoptera
2413	KT696227.1	Coleoptera
2414	NC_057547.1	Coleoptera
2415	MK292116.1	Coleoptera
2416	KT876879.1	Coleoptera
2417	NC_042198.1	Coleoptera
2418	MW580860.1	Coleoptera
2419	KX035143.1	Coleoptera
2420	NC_050886.1	Coleoptera
2421	KX087311.1	Coleoptera
2422	MK614528.1	Coleoptera
2423	MN781126.1	Coleoptera
2424	MK614508.1	Coleoptera
2425	KU757289.1	Coleoptera
2426	MN164643.1	Coleoptera
2427	MN420482.1	Coleoptera
2428	OM161967.1	Coleoptera
2429	NC_045407.1	Coleoptera
2430	KX035192.1	Coleoptera
2431	MN418316.1	Coleoptera
2432	KT876903.1	Coleoptera
2433	NC_057197.1	Coleoptera
2434	MN480425.1	Coleoptera
2435	MG021082.1	Coleoptera
2436	NC_011320.1	Coleoptera
2437	KX758085.1	Coleoptera
2438	NC_036294.1	Coleoptera
2439	KX035205.1	Coleoptera
2440	MW858149.1	Coleoptera
2441	MG770613.1	Coleoptera
2442	NC_018339.1	Coleoptera
2443	NC_037751.1	Coleoptera
2444	NC_041237.1	Coleoptera
2445	NC_052901.1	Coleoptera
2446	NC_036277.1	Coleoptera
2447	NC_036042.1	Coleoptera
2448	NC_062815.1	Coleoptera
2449	NC_057218.1	Coleoptera
2450	MK937809.1	Coleoptera
2451	OK484301.1	Coleoptera
2452	KT780642.1	Coleoptera
2453	MT653602.1	Coleoptera
2454	LC306678.1	Coleoptera
2455	MZ342776.1	Coleoptera
2456	NC_024271.1	Coleoptera
2457	NC_045097.1	Coleoptera
2458	KX035224.1	Coleoptera
2459	KX087238.1	Coleoptera
2460	NC_057539.1	Coleoptera
2461	MZ298928.1	Coleoptera
2462	KJ922149.1	Coleoptera
2463	NC_039700.1	Coleoptera
2464	KU552119.1	Coleoptera
2465	NC_050891.1	Coleoptera
2466	MN473093.1	Coleoptera
2467	NC_036283.1	Coleoptera
2468	NC_036293.1	Coleoptera
2469	NC_028204.1	Coleoptera
2470	MW143080.1	Coleoptera
2471	MK792748.1	Coleoptera
2472	MT653609.1	Coleoptera
2473	MT822986.1	Coleoptera
2474	MW176089.1	Coleoptera
2475	KX035170.1	Coleoptera
2476	NC_038191.1	Coleoptera
2477	KX035142.1	Coleoptera
2478	NC_052900.1	Coleoptera
2479	MZ747394.1	Coleoptera
2480	NC_012765.1	Coleoptera
2481	NC_028600.1	Coleoptera
2482	KT696241.1	Coleoptera
2483	MW465259.1	Coleoptera
2484	OL872182.1	Coleoptera
2485	KX087318.1	Coleoptera
2486	FJ424074.1	Coleoptera
2487	MN267802.1	Coleoptera
2488	NC_061631.1	Coleoptera
2489	NC_018351.1	Coleoptera
2490	MW858148.1	Coleoptera
2491	MW489361.1	Coleoptera
2492	NC_010969.1	Coleoptera
2493	NC_013249.1	Coleoptera
2494	NC_046036.1	Coleoptera
2495	MG460483.1	Coleoptera
2496	MW465264.1	Coleoptera
2497	NC_059757.1	Coleoptera
2498	NC_042946.1	Coleoptera
2499	KT696193.1	Coleoptera
2500	MT823002.1	Coleoptera
2501	NC_030765.1	Coleoptera
2502	KT070713.1	Coleoptera
2503	OK484303.1	Coleoptera
2504	MN122874.1	Coleoptera
2505	NC_011328.1	Coleoptera
2506	KT876913.1	Coleoptera
2507	MW732716.1	Coleoptera
2508	NC_061571.1	Coleoptera
2509	NC_013252.1	Coleoptera
2510	NC_022680.1	Coleoptera
2511	OK349489.1	Coleoptera
2512	FJ859904.1	Coleoptera
2513	GU176342.1	Coleoptera
2514	MN913378.1	Coleoptera
2515	KX035157.1	Coleoptera
2516	MK060107.1	Coleoptera
2517	KT696217.1	Coleoptera
2518	MN594765.1	Coleoptera
2519	MZ342780.1	Coleoptera
2520	FJ859903.1	Coleoptera
2521	MG456836.1	Coleoptera
2522	KF785807.1	Coleoptera
2523	KT780682.1	Coleoptera
2524	KT876902.1	Coleoptera
2525	MW465244.1	Coleoptera
2526	KX035218.1	Coleoptera
2527	NC_056196.1	Coleoptera
2528	NC_027176.1	Coleoptera
2529	MK854717.1	Coleoptera
2530	KF658070.1	Coleoptera
2531	OK484311.1	Coleoptera
2532	NC_061362.1	Coleoptera
2533	KX087287.1	Coleoptera
2534	MK614529.1	Coleoptera
2535	KT781589.1	Coleoptera
2536	MF612069.1	Coleoptera
2537	MZ618348.1	Coleoptera
2538	KX035185.1	Coleoptera
2539	NC_044713.1	Coleoptera
2540	NC_036270.1	Coleoptera
2541	MW368410.1	Coleoptera
2542	MK292095.1	Coleoptera
2543	KX087349.1	Coleoptera
2544	MK614524.1	Coleoptera
2545	KT825140.1	Coleoptera
2546	NC_026719.1	Coleoptera
2547	MK863510.1	Coleoptera
2548	NC_036290.1	Coleoptera
2549	AF452048.1	Coleoptera
2550	NC_060713.1	Coleoptera
2551	NC_052902.1	Coleoptera
2552	NC_018350.1	Coleoptera
2553	NC_053351.1	Coleoptera
2554	NC_024633.1	Coleoptera
2555	MW044619.1	Coleoptera
2556	KX035207.1	Coleoptera
2557	MW305159.1	Coleoptera
2558	MK208300.1	Coleoptera
2559	MN995217.1	Coleoptera
2560	MK292112.1	Coleoptera
2561	KX035140.1	Coleoptera
2562	OK539700.1	Coleoptera
2563	OK032609.1	Coleoptera
2564	KX035199.1	Coleoptera
2565	NC_030782.1	Coleoptera
2566	MK049857.1	Coleoptera
2567	KX087284.1	Coleoptera
2568	NC_033339.1	Coleoptera
2569	NC_010964.1	Coleoptera
2570	MK292115.1	Coleoptera
2571	MT822980.1	Coleoptera
2572	MT113337.1	Coleoptera
2573	MH817139.1	Coleoptera
2574	OK360633.1	Coleoptera
2575	KX035152.1	Coleoptera
2576	NC_051935.1	Coleoptera
2577	NC_025332.1	Coleoptera
2578	MK583344.1	Coleoptera
2579	MK140669.1	Coleoptera
2580	MN882586.1	Coleoptera
2581	KX035145.1	Coleoptera
2582	MK863508.1	Coleoptera
2583	MK088482.1	Coleoptera
2584	MT653603.1	Coleoptera
2585	KX087251.1	Coleoptera
2586	MH595464.2	Coleoptera
2587	MZ504793.1	Coleoptera
2588	KT876890.1	Coleoptera
2589	KT876891.1	Coleoptera
2590	KT780673.1	Coleoptera
2591	MW489362.1	Coleoptera
2592	NC_051936.1	Coleoptera
2593	OK360636.1	Coleoptera
2594	NC_036266.1	Coleoptera
2595	NC_035755.1	Coleoptera
2596	MK614525.1	Coleoptera
2597	KT780660.1	Coleoptera
2598	KX035212.1	Coleoptera
2599	MW589547.1	Coleoptera
2600	MZ058077.1	Dictyoptera
2601	MW773492.1	Dictyoptera
2602	MZ008508.1	Dictyoptera
2603	MZ008500.1	Dictyoptera
2604	NC_034040.1	Dictyoptera
2605	MT594484.1	Dictyoptera
2606	KY224528.1	Dictyoptera
2607	KY224600.1	Dictyoptera
2608	KY224440.1	Dictyoptera
2609	NC_034045.1	Dictyoptera
2610	KU201315.1	Dictyoptera
2611	KU925204.1	Dictyoptera
2612	KU925220.1	Dictyoptera
2613	MH766486.1	Dictyoptera
2614	NC_037511.1	Dictyoptera
2615	NC_034077.1	Dictyoptera
2616	KY224709.1	Dictyoptera
2617	KT893459.1	Dictyoptera
2618	MW601004.1	Dictyoptera
2619	MT679725.1	Dictyoptera
2620	KY224505.1	Dictyoptera
2621	KY689132.1	Dictyoptera
2622	KX619654.1	Dictyoptera
2623	OK480879.1	Dictyoptera
2624	NC_028722.1	Dictyoptera
2625	KX091851.1	Dictyoptera
2626	NC_039398.1	Dictyoptera
2627	AB626145.1	Dictyoptera
2628	KY224729.1	Dictyoptera
2629	MW773499.1	Dictyoptera
2630	NC_034050.1	Dictyoptera
2631	KU684410.1	Dictyoptera
2632	MZ008515.1	Dictyoptera
2633	KP091692.1	Dictyoptera
2634	KP091689.1	Dictyoptera
2635	KY224469.1	Dictyoptera
2636	NC_030012.1	Dictyoptera
2637	NC_034019.1	Dictyoptera
2638	MW600998.1	Dictyoptera
2639	KY224726.1	Dictyoptera
2640	MW630139.1	Dictyoptera
2641	KY224674.1	Dictyoptera
2642	NC_034132.1	Dictyoptera
2643	NC_034055.1	Dictyoptera
2644	NC_049567.1	Dictyoptera
2645	MZ008537.1	Dictyoptera
2646	KY689127.1	Dictyoptera
2647	KP091691.1	Dictyoptera
2648	NC_034147.1	Dictyoptera
2649	MW208858.1	Dictyoptera
2650	NC_034123.1	Dictyoptera
2651	KY224523.1	Dictyoptera
2652	NC_030019.1	Dictyoptera
2653	KY224417.1	Dictyoptera
2654	NC_030035.1	Dictyoptera
2655	KY224517.1	Dictyoptera
2656	MZ008556.1	Dictyoptera
2657	KY224450.1	Dictyoptera
2658	KY449048.1	Dictyoptera
2659	KY224675.1	Dictyoptera
2660	KY449045.1	Dictyoptera
2661	KY224560.1	Dictyoptera
2662	KY224690.1	Dictyoptera
2663	KY224443.1	Dictyoptera
2664	MW773542.1	Dictyoptera
2665	NC_034030.1	Dictyoptera
2666	MZ911752.1	Dictyoptera
2667	KY224466.1	Dictyoptera
2668	KY224521.1	Dictyoptera
2669	KY224545.1	Dictyoptera
2670	MW357300.1	Dictyoptera
2671	KY224575.1	Dictyoptera
2672	MW996585.1	Dictyoptera
2673	MW996599.1	Dictyoptera
2674	MZ008531.1	Dictyoptera
2675	MZ058037.1	Dictyoptera
2676	KY224625.1	Dictyoptera
2677	MW773525.1	Dictyoptera
2678	KY224401.1	Dictyoptera
2679	KY224623.1	Dictyoptera
2680	KY689121.1	Dictyoptera
2681	JX144937.1	Dictyoptera
2682	KY224460.1	Dictyoptera
2683	MK507838.1	Dictyoptera
2684	MZ008553.1	Dictyoptera
2685	NC_026695.1	Dictyoptera
2686	KY224510.1	Dictyoptera
2687	KU925233.1	Dictyoptera
2688	MZ911751.1	Dictyoptera
2689	KU925240.1	Dictyoptera
2690	MZ008533.1	Dictyoptera
2691	NC_030018.1	Dictyoptera
2692	KY224397.1	Dictyoptera
2693	MW996580.1	Dictyoptera
2694	KU201319.1	Dictyoptera
2695	NC_034056.1	Dictyoptera
2696	KY224532.1	Dictyoptera
2697	KY224436.1	Dictyoptera
2698	NC_062440.1	Dictyoptera
2699	KY224404.1	Dictyoptera
2700	MZ008540.1	Dictyoptera
2701	MZ008479.1	Dictyoptera
2702	NC_034842.1	Dictyoptera
2703	NC_030031.1	Dictyoptera
2704	NC_034929.1	Dictyoptera
2705	KY224530.1	Dictyoptera
2706	KY689116.1	Dictyoptera
2707	KY224477.1	Dictyoptera
2708	KY224573.1	Dictyoptera
2709	KU925238.1	Dictyoptera
2710	KY224676.1	Dictyoptera
2711	NC_062660.1	Dictyoptera
2712	KU201314.1	Dictyoptera
2713	MW773527.1	Dictyoptera
2714	KY224541.1	Dictyoptera
2715	MZ911750.1	Dictyoptera
2716	KY224723.1	Dictyoptera
2717	KY224593.1	Dictyoptera
2718	MK088051.1	Dictyoptera
2719	MZ008485.1	Dictyoptera
2720	MW996597.1	Dictyoptera
2721	MW773486.1	Dictyoptera
2722	KY689117.1	Dictyoptera
2723	MZ058036.1	Dictyoptera
2724	MW015945.1	Dictyoptera
2725	MZ008560.1	Dictyoptera
2726	KY224515.1	Dictyoptera
2727	KU925198.1	Dictyoptera
2728	NC_034095.1	Dictyoptera
2729	NC_034141.1	Dictyoptera
2730	KY224526.1	Dictyoptera
2731	MW601001.1	Dictyoptera
2732	MZ008497.1	Dictyoptera
2733	KY224680.1	Dictyoptera
2734	NC_034138.1	Dictyoptera
2735	MW357302.1	Dictyoptera
2736	KY224439.1	Dictyoptera
2737	KY224565.1	Dictyoptera
2738	NC_034099.1	Dictyoptera
2739	KY224437.1	Dictyoptera
2740	MW773533.1	Dictyoptera
2741	MZ008559.1	Dictyoptera
2742	KY224476.1	Dictyoptera
2743	KY224537.1	Dictyoptera
2744	KY224396.1	Dictyoptera
2745	NC_034116.1	Dictyoptera
2746	KY224483.1	Dictyoptera
2747	NC_034115.1	Dictyoptera
2748	KY224543.1	Dictyoptera
2749	KY224472.1	Dictyoptera
2750	KY224622.1	Dictyoptera
2751	MZ008503.1	Dictyoptera
2752	KY224433.1	Dictyoptera
2753	MZ008563.1	Dictyoptera
2754	KY224496.1	Dictyoptera
2755	MW996598.1	Dictyoptera
2756	MW773528.1	Dictyoptera
2757	MZ008512.1	Dictyoptera
2758	NC_037234.1	Dictyoptera
2759	KP334994.1	Dictyoptera
2760	EU854321.1	Dictyoptera
2761	KY224645.1	Dictyoptera
2762	MZ008543.1	Dictyoptera
2763	KM216388.1	Dictyoptera
2764	KY224559.1	Dictyoptera
2765	NC_030037.1	Dictyoptera
2766	MW773500.1	Dictyoptera
2767	MZ008494.1	Dictyoptera
2768	MZ058040.1	Dictyoptera
2769	NC_030013.1	Dictyoptera
2770	NC_034282.1	Dictyoptera
2771	KY224481.1	Dictyoptera
2772	NC_030266.1	Dictyoptera
2773	NC_018122.1	Dictyoptera
2774	KY224725.1	Dictyoptera
2775	KY224658.1	Dictyoptera
2776	KY224635.1	Dictyoptera
2777	NC_026114.1	Dictyoptera
2778	KX673199.1	Dictyoptera
2779	NC_030267.1	Dictyoptera
2780	NC_034096.1	Dictyoptera
2781	MW773523.1	Dictyoptera
2782	MW773497.1	Dictyoptera
2783	MW773538.1	Dictyoptera
2784	NC_034139.1	Dictyoptera
2785	NC_030265.1	Dictyoptera
2786	KY224569.1	Dictyoptera
2787	NC_030023.1	Dictyoptera
2788	MZ058042.1	Dictyoptera
2789	MZ573776.1	Dictyoptera
2790	MW600993.1	Dictyoptera
2791	MW222469.1	Dictyoptera
2792	MW996579.1	Dictyoptera
2793	NC_034031.1	Dictyoptera
2794	KY224716.1	Dictyoptera
2795	NC_051892.1	Dictyoptera
2796	MW773504.1	Dictyoptera
2797	NC_030268.1	Dictyoptera
2798	KY224420.1	Dictyoptera
2799	KY224594.1	Dictyoptera
2800	MZ008528.1	Dictyoptera
2801	NC_018549.1	Dictyoptera
2802	KY224430.1	Dictyoptera
2803	KY224730.1	Dictyoptera
2804	DQ241797.1	Dictyoptera
2805	MW357298.1	Dictyoptera
2806	KU201316.1	Dictyoptera
2807	NC_030025.1	Dictyoptera
2808	MW773511.1	Dictyoptera
2809	NC_034074.1	Dictyoptera
2810	MW357297.1	Dictyoptera
2811	NC_030191.1	Dictyoptera
2812	KY224691.1	Dictyoptera
2813	KY224620.1	Dictyoptera
2814	KY224607.1	Dictyoptera
2815	KY224667.1	Dictyoptera
2816	MW601003.1	Dictyoptera
2817	NC_030033.1	Dictyoptera
2818	NC_009499.1	Dictyoptera
2819	KY224558.1	Dictyoptera
2820	NC_034032.1	Dictyoptera
2821	KY224409.1	Dictyoptera
2822	KU684412.1	Dictyoptera
2823	KY224580.1	Dictyoptera
2824	MZ008535.1	Dictyoptera
2825	NC_034114.1	Dictyoptera
2826	JX144934.1	Dictyoptera
2827	NC_012901.1	Dictyoptera
2828	KY224479.1	Dictyoptera
2829	MZ008532.1	Dictyoptera
2830	MZ008561.1	Dictyoptera
2831	KY224572.1	Dictyoptera
2832	KU925228.1	Dictyoptera
2833	MW773501.1	Dictyoptera
2834	NC_034039.1	Dictyoptera
2835	NC_058612.1	Dictyoptera
2836	NC_034073.1	Dictyoptera
2837	KY224717.1	Dictyoptera
2838	KY689112.1	Dictyoptera
2839	NC_034930.1	Dictyoptera
2840	KY224630.1	Dictyoptera
2841	KY224428.1	Dictyoptera
2842	KX091854.1	Dictyoptera
2843	NC_034143.1	Dictyoptera
2844	MW773508.1	Dictyoptera
2845	NC_030032.1	Dictyoptera
2846	MZ008525.1	Dictyoptera
2847	MZ008524.1	Dictyoptera
2848	NC_034111.1	Dictyoptera
2849	KY224484.1	Dictyoptera
2850	NC_034149.1	Dictyoptera
2851	KJ463364.1	Dictyoptera
2852	NC_059067.1	Dictyoptera
2853	KU925232.1	Dictyoptera
2854	KU925197.1	Dictyoptera
2855	KY224584.1	Dictyoptera
2856	KY224445.1	Dictyoptera
2857	KY224467.1	Dictyoptera
2858	KY224562.1	Dictyoptera
2859	NC_026116.1	Dictyoptera
2860	KX091863.1	Dictyoptera
2861	MW773507.1	Dictyoptera
2862	KY224577.1	Dictyoptera
2863	MW773537.1	Dictyoptera
2864	KY224391.1	Dictyoptera
2865	KY224592.1	Dictyoptera
2866	MZ058039.1	Dictyoptera
2867	NC_056118.1	Dictyoptera
2868	NC_034079.1	Dictyoptera
2869	MZ008562.1	Dictyoptera
2870	MZ008492.1	Dictyoptera
2871	NC_029224.1	Dictyoptera
2872	KY224703.1	Dictyoptera
2873	KY224468.1	Dictyoptera
2874	NC_034092.1	Dictyoptera
2875	MZ008482.1	Dictyoptera
2876	KY224644.1	Dictyoptera
2877	KY224456.1	Dictyoptera
2878	KY224633.1	Dictyoptera
2879	NC_034026.1	Dictyoptera
2880	NC_034122.1	Dictyoptera
2881	MW996583.1	Dictyoptera
2882	NC_034067.1	Dictyoptera
2883	NC_034043.1	Dictyoptera
2884	MZ008555.1	Dictyoptera
2885	NC_034284.1	Dictyoptera
2886	NC_034148.1	Dictyoptera
2887	MG000963.1	Dictyoptera
2888	NC_025567.1	Dictyoptera
2889	MW996604.1	Dictyoptera
2890	NC_034145.1	Dictyoptera
2891	NC_034283.1	Dictyoptera
2892	KY224687.1	Dictyoptera
2893	KY224511.1	Dictyoptera
2894	MW773503.1	Dictyoptera
2895	NC_059069.1	Dictyoptera
2896	KY224403.1	Dictyoptera
2897	MT024239.1	Dictyoptera
2898	KY224661.1	Dictyoptera
2899	NC_014274.1	Dictyoptera
2900	MZ008523.1	Dictyoptera
2901	NC_062661.1	Dictyoptera
2902	NC_034042.1	Dictyoptera
2903	MW996601.1	Dictyoptera
2904	KY224663.1	Dictyoptera
2905	KU925216.1	Dictyoptera
2906	KY689113.1	Dictyoptera
2907	MZ008487.1	Dictyoptera
2908	MT010558.1	Dictyoptera
2909	MZ058074.1	Dictyoptera
2910	NC_006076.1	Dictyoptera
2911	NC_037018.1	Dictyoptera
2912	NC_053728.1	Dictyoptera
2913	KY224489.1	Dictyoptera
2914	MW600986.1	Dictyoptera
2915	KY224604.1	Dictyoptera
2916	KY224502.1	Dictyoptera
2917	KR872938.1	Dictyoptera
2918	KY224614.1	Dictyoptera
2919	KU925221.1	Dictyoptera
2920	KY436202.1	Dictyoptera
2921	MZ008520.1	Dictyoptera
2922	NC_034070.1	Dictyoptera
2923	KX091855.1	Dictyoptera
2924	MZ008527.1	Dictyoptera
2925	EF206314.1	Dictyoptera
2926	MW600991.1	Dictyoptera
2927	MZ008550.1	Dictyoptera
2928	KR703238.1	Dictyoptera
2929	KY224429.1	Dictyoptera
2930	KU925217.1	Dictyoptera
2931	NC_034059.1	Dictyoptera
2932	MW773535.1	Dictyoptera
2933	MK541931.1	Dictyoptera
2934	NC_034118.1	Dictyoptera
2935	KY224632.1	Dictyoptera
2936	KY224441.1	Dictyoptera
2937	MW996581.1	Dictyoptera
2938	MZ008483.1	Dictyoptera
2939	KY224506.1	Dictyoptera
2940	KY224557.1	Dictyoptera
2941	NC_034112.1	Dictyoptera
2942	NC_024658.1	Dictyoptera
2943	MZ058041.1	Dictyoptera
2944	KY484910.1	Dictyoptera
2945	MW996595.1	Dictyoptera
2946	KP872847.1	Dictyoptera
2947	KY224581.1	Dictyoptera
2948	MW357303.1	Dictyoptera
2949	MZ058049.1	Dictyoptera
2950	KY224603.1	Dictyoptera
2951	KY224556.1	Dictyoptera
2952	MZ008514.1	Dictyoptera
2953	MZ008529.1	Dictyoptera
2954	KU925219.1	Dictyoptera
2955	MW996582.1	Dictyoptera
2956	NC_034054.1	Dictyoptera
2957	KY224641.1	Dictyoptera
2958	NC_034104.1	Dictyoptera
2959	KY224683.1	Dictyoptera
2960	KY224449.1	Dictyoptera
2961	KY689129.1	Dictyoptera
2962	MW996600.1	Dictyoptera
2963	MZ058043.1	Dictyoptera
2964	NC_030021.1	Dictyoptera
2965	KY224406.1	Dictyoptera
2966	KY224660.1	Dictyoptera
2967	NC_048984.1	Dictyoptera
2968	MW340855.1	Dictyoptera
2969	KY224550.1	Dictyoptera
2970	KY224416.1	Dictyoptera
2971	KY224554.1	Dictyoptera
2972	KY224534.1	Dictyoptera
2973	KY224536.1	Dictyoptera
2974	NC_037697.1	Dictyoptera
2975	KU925209.1	Dictyoptera
2976	NC_018123.1	Dictyoptera
2977	NC_030003.1	Dictyoptera
2978	KX091850.1	Dictyoptera
2979	NC_034033.1	Dictyoptera
2980	MW773490.1	Dictyoptera
2981	NC_034131.1	Dictyoptera
2982	MW773526.1	Dictyoptera
2983	KU684413.1	Dictyoptera
2984	MZ058078.1	Dictyoptera
2985	NC_034129.1	Dictyoptera
2986	KY224422.1	Dictyoptera
2987	KY224427.1	Dictyoptera
2988	MW773529.1	Dictyoptera
2989	NC_034062.1	Dictyoptera
2990	KU201320.1	Dictyoptera
2991	KT893460.1	Dictyoptera
2992	MZ008558.1	Dictyoptera
2993	KY224718.1	Dictyoptera
2994	NC_030264.1	Dictyoptera
2995	MW600999.1	Dictyoptera
2996	KY224413.1	Dictyoptera
2997	NC_034038.1	Dictyoptera
2998	KY224567.1	Dictyoptera
2999	KY449046.1	Dictyoptera
3000	NC_034046.1	Dictyoptera
3001	KU925239.1	Dictyoptera
3002	KY224579.1	Dictyoptera
3003	MW773516.1	Dictyoptera
3004	EF206319.1	Dictyoptera
3005	KY224659.1	Dictyoptera
3006	MW773512.1	Dictyoptera
3007	KY224453.1	Dictyoptera
3008	JX144931.1	Dictyoptera
3009	KY224619.1	Dictyoptera
3010	KY224454.1	Dictyoptera
3011	KX091856.1	Dictyoptera
3012	KU925208.1	Dictyoptera
3013	NC_034106.1	Dictyoptera
3014	KY224478.1	Dictyoptera
3015	KY224685.1	Dictyoptera
3016	KY689133.1	Dictyoptera
3017	EF206320.1	Dictyoptera
3018	NC_059068.1	Dictyoptera
3019	MW600994.1	Dictyoptera
3020	KY689123.1	Dictyoptera
3021	KY689124.1	Dictyoptera
3022	KY689134.1	Dictyoptera
3023	NC_034094.1	Dictyoptera
3024	KY224395.1	Dictyoptera
3025	NC_007702.1	Dictyoptera
3026	NC_034071.1	Dictyoptera
3027	NC_030020.1	Dictyoptera
3028	KY689126.1	Dictyoptera
3029	KU925201.1	Dictyoptera
3030	MW773491.1	Dictyoptera
3031	KY224452.1	Dictyoptera
3032	NC_034021.1	Dictyoptera
3033	MW773515.1	Dictyoptera
3034	KY224710.1	Dictyoptera
3035	MZ008548.1	Dictyoptera
3036	MZ008495.1	Dictyoptera
3037	NC_034064.1	Dictyoptera
3038	NC_034041.1	Dictyoptera
3039	KY224650.1	Dictyoptera
3040	MZ008491.1	Dictyoptera
3041	MZ008549.1	Dictyoptera
3042	KX611803.1	Dictyoptera
3043	MZ911753.1	Dictyoptera
3044	KY224447.1	Dictyoptera
3045	KY224616.1	Dictyoptera
3046	KU925215.1	Dictyoptera
3047	NC_034020.1	Dictyoptera
3048	NC_034088.1	Dictyoptera
3049	KY224601.1	Dictyoptera
3050	NC_037208.1	Dictyoptera
3051	MW773532.1	Dictyoptera
3052	MZ008505.1	Dictyoptera
3053	KY224621.1	Dictyoptera
3054	MW773522.1	Dictyoptera
3055	KY224462.1	Dictyoptera
3056	NC_018126.1	Dictyoptera
3057	MW996588.1	Dictyoptera
3058	KY224398.1	Dictyoptera
3059	NC_034034.1	Dictyoptera
3060	KY224666.1	Dictyoptera
3061	NC_030027.1	Dictyoptera
3062	MZ008484.1	Dictyoptera
3063	KY224457.1	Dictyoptera
3064	NC_034136.1	Dictyoptera
3065	KY449047.1	Dictyoptera
3066	NC_018124.1	Dictyoptera
3067	KY224570.1	Dictyoptera
3068	NC_030011.1	Dictyoptera
3069	NC_034134.1	Dictyoptera
3070	KY224657.1	Dictyoptera
3071	KY224684.1	Dictyoptera
3072	MW996592.1	Dictyoptera
3073	JX144930.1	Dictyoptera
3074	MZ058045.1	Dictyoptera
3075	MK599465.1	Dictyoptera
3076	KY224518.1	Dictyoptera
3077	KU925210.1	Dictyoptera
3078	MZ008521.1	Dictyoptera
3079	MZ008519.1	Dictyoptera
3080	KY224653.1	Dictyoptera
3081	MW773530.1	Dictyoptera
3082	NC_018599.1	Dictyoptera
3083	KY224642.1	Dictyoptera
3084	JX144940.1	Dictyoptera
3085	KY224495.1	Dictyoptera
3086	NC_034076.1	Dictyoptera
3087	MW996586.1	Dictyoptera
3088	NC_030036.1	Dictyoptera
3089	KY224520.1	Dictyoptera
3090	NC_030016.1	Dictyoptera
3091	KU925203.1	Dictyoptera
3092	KY224599.1	Dictyoptera
3093	NC_034087.1	Dictyoptera
3094	NC_034142.1	Dictyoptera
3095	MW773514.1	Dictyoptera
3096	KY224492.1	Dictyoptera
3097	KU925226.1	Dictyoptera
3098	JX233805.1	Dictyoptera
3099	MW601000.1	Dictyoptera
3100	KY224471.1	Dictyoptera
3101	MW996589.1	Dictyoptera
3102	KY224731.1	Dictyoptera
3103	KY224459.1	Dictyoptera
3104	KY224585.1	Dictyoptera
3105	NC_059065.1	Dictyoptera
3106	KY224563.1	Dictyoptera
3107	KY224654.1	Dictyoptera
3108	KY224669.1	Dictyoptera
3109	NC_030029.1	Dictyoptera
3110	MT465995.1	Dictyoptera
3111	NC_034103.1	Dictyoptera
3112	KY224679.1	Dictyoptera
3113	MW996606.1	Dictyoptera
3114	NC_018132.1	Dictyoptera
3115	KY224564.1	Dictyoptera
3116	KU925200.1	Dictyoptera
3117	KY224546.1	Dictyoptera
3118	MW996605.1	Dictyoptera
3119	KY224708.1	Dictyoptera
3120	KY224587.1	Dictyoptera
3121	KM405637.1	Dictyoptera
3122	EF206316.1	Dictyoptera
3123	JX144939.1	Dictyoptera
3124	MZ008541.1	Dictyoptera
3125	KY224551.1	Dictyoptera
3126	KY224686.1	Dictyoptera
3127	AB626146.1	Dictyoptera
3128	NC_029225.1	Dictyoptera
3129	NC_018131.1	Dictyoptera
3130	KY689137.1	Dictyoptera
3131	KU925211.1	Dictyoptera
3132	MW773543.1	Dictyoptera
3133	MZ008490.1	Dictyoptera
3134	KY224602.1	Dictyoptera
3135	MZ058075.1	Dictyoptera
3136	MZ058048.1	Dictyoptera
3137	MZ008480.1	Dictyoptera
3138	KY224694.1	Dictyoptera
3139	KU684411.1	Dictyoptera
3140	KY224664.1	Dictyoptera
3141	NC_034028.1	Dictyoptera
3142	MG557850.1	Dictyoptera
3143	MZ008506.1	Dictyoptera
3144	KY224475.1	Dictyoptera
3145	NC_034037.1	Dictyoptera
3146	KY212743.1	Dictyoptera
3147	MW773495.1	Dictyoptera
3148	MZ008551.1	Dictyoptera
3149	KY224571.1	Dictyoptera
3150	NC_034108.1	Dictyoptera
3151	KY224617.1	Dictyoptera
3152	MZ008538.1	Dictyoptera
3153	NC_063851.1	Dictyoptera
3154	KY224442.1	Dictyoptera
3155	KY224540.1	Dictyoptera
3156	NC_034841.1	Dictyoptera
3157	NC_034102.1	Dictyoptera
3158	KY689136.1	Dictyoptera
3159	KY224578.1	Dictyoptera
3160	KY224628.1	Dictyoptera
3161	MZ008511.1	Dictyoptera
3162	NC_034089.1	Dictyoptera
3163	KY224719.1	Dictyoptera
3164	NC_030014.1	Dictyoptera
3165	NC_030034.1	Dictyoptera
3166	MW773488.1	Dictyoptera
3167	JX050221.1	Dictyoptera
3168	MZ008507.1	Dictyoptera
3169	NC_034044.1	Dictyoptera
3170	NC_034130.1	Dictyoptera
3171	NC_029326.1	Dictyoptera
3172	NC_034082.1	Dictyoptera
3173	KY224692.1	Dictyoptera
3174	KY224648.1	Dictyoptera
3175	KU925214.1	Dictyoptera
3176	KU925205.1	Dictyoptera
3177	MH194575.1	Dictyoptera
3178	MZ008564.1	Dictyoptera
3179	KY224488.1	Dictyoptera
3180	KY224689.1	Dictyoptera
3181	MG049920.1	Dictyoptera
3182	MK140662.1	Dictyoptera
3183	KY224499.1	Dictyoptera
3184	EF206317.1	Dictyoptera
3185	NC_045231.1	Dictyoptera
3186	KY224665.1	Dictyoptera
3187	NC_034058.1	Dictyoptera
3188	KY224480.1	Dictyoptera
3189	KY689119.1	Dictyoptera
3190	MZ008546.1	Dictyoptera
3191	MZ008554.1	Dictyoptera
3192	KU925222.1	Dictyoptera
3193	NC_026115.1	Dictyoptera
3194	KY224724.1	Dictyoptera
3195	KY224721.1	Dictyoptera
3196	KY224423.1	Dictyoptera
3197	EF206315.1	Dictyoptera
3198	NC_034121.1	Dictyoptera
3199	NC_034137.1	Dictyoptera
3200	NC_037496.1	Dictyoptera
3201	MW773521.1	Dictyoptera
3202	NC_046741.1	Dictyoptera
3203	NC_015800.1	Dictyoptera
3204	KY224626.1	Dictyoptera
3205	NC_034119.1	Dictyoptera
3206	KU877221.1	Dictyoptera
3207	KY224728.1	Dictyoptera
3208	NC_034023.1	Dictyoptera
3209	KU925206.1	Dictyoptera
3210	MW773524.1	Dictyoptera
3211	NC_045876.1	Dictyoptera
3212	NC_034093.1	Dictyoptera
3213	KY224695.1	Dictyoptera
3214	MZ008510.1	Dictyoptera
3215	KU925224.1	Dictyoptera
3216	KP091693.1	Dictyoptera
3217	KY224662.1	Dictyoptera
3218	MT593331.1	Dictyoptera
3219	KY224715.1	Dictyoptera
3220	NC_034068.1	Dictyoptera
3221	NC_031162.1	Dictyoptera
3222	KY224494.1	Dictyoptera
3223	MW773493.1	Dictyoptera
3224	NC_034072.1	Dictyoptera
3225	NC_042419.1	Dictyoptera
3226	NC_034127.1	Dictyoptera
3227	MZ008544.1	Dictyoptera
3228	NC_034049.1	Dictyoptera
3229	NC_034057.1	Dictyoptera
3230	KU201318.1	Dictyoptera
3231	KY224474.1	Dictyoptera
3232	KY224548.1	Dictyoptera
3233	NC_039940.1	Dictyoptera
3234	NC_034098.1	Dictyoptera
3235	JX144936.1	Dictyoptera
3236	NC_034126.1	Dictyoptera
3237	KX640825.1	Dictyoptera
3238	KY224491.1	Dictyoptera
3239	KR703239.1	Dictyoptera
3240	MZ008516.1	Dictyoptera
3241	MZ008513.1	Dictyoptera
3242	KY224465.1	Dictyoptera
3243	NC_018128.1	Dictyoptera
3244	MW773540.1	Dictyoptera
3245	MZ008552.1	Dictyoptera
3246	KY224458.1	Dictyoptera
3247	NC_034065.1	Dictyoptera
3248	KY224639.1	Dictyoptera
3249	NC_034288.1	Dictyoptera
3250	EU287446.1	Orthoptera
3251	HM583653.1	Orthoptera
3252	NC_020775.1	Orthoptera
3253	NC_033983.1	Orthoptera
3254	NC_053658.1	Orthoptera
3255	MT920116.1	Orthoptera
3256	MN083187.1	Orthoptera
3257	JX468876.1	Orthoptera
3258	JX913770.1	Orthoptera
3259	MN083170.1	Orthoptera
3260	MT849266.1	Orthoptera
3261	NC_027179.1	Orthoptera
3262	NC_057052.1	Orthoptera
3263	HQ833839.1	Orthoptera
3264	KF857227.1	Orthoptera
3265	NC_030762.1	Orthoptera
3266	NC_046531.1	Orthoptera
3267	NC_014449.1	Orthoptera
3268	NC_031379.1	Orthoptera
3269	NC_025765.1	Orthoptera
3270	MN083183.1	Orthoptera
3271	NC_045930.1	Orthoptera
3272	NC_019994.1	Orthoptera
3273	MN968347.1	Orthoptera
3274	NC_020777.1	Orthoptera
3275	KY458227.1	Orthoptera
3276	NC_011305.1	Orthoptera
3277	KR347439.1	Orthoptera
3278	KY316380.1	Orthoptera
3279	KY000077.1	Orthoptera
3280	KU522120.1	Orthoptera
3281	MZ433417.1	Orthoptera
3282	MZ433420.1	Orthoptera
3283	JN858155.1	Orthoptera
3284	NC_033993.1	Orthoptera
3285	KY783909.1	Orthoptera
3286	MK903592.1	Orthoptera
3287	NC_011114.1	Orthoptera
3288	EU938374.1	Orthoptera
3289	KT345949.1	Orthoptera
3290	NC_029135.1	Orthoptera
3291	KX057718.1	Orthoptera
3292	NC_011303.1	Orthoptera
3293	NC_033989.1	Orthoptera
3294	JN858173.1	Orthoptera
3295	NC_033997.1	Orthoptera
3296	MN083195.1	Orthoptera
3297	MK693137.1	Orthoptera
3298	MZ433418.1	Orthoptera
3299	MG838886.1	Orthoptera
3300	NC_046552.1	Orthoptera
3301	ON530890.1	Orthoptera
3302	NC_013826.1	Orthoptera
3303	MN083199.1	Orthoptera
3304	KY236113.1	Orthoptera
3305	MH718848.1	Orthoptera
3306	NC_034673.1	Orthoptera
3307	NC_046533.1	Orthoptera
3308	MK903594.1	Orthoptera
3309	HQ833838.1	Orthoptera
3310	KU562918.1	Orthoptera
3311	MN083189.1	Orthoptera
3312	MN046211.1	Orthoptera
3313	KU866166.1	Orthoptera
3314	JN858151.1	Orthoptera
3315	EU137664.1	Orthoptera
3316	NC_021424.1	Orthoptera
3317	NC_010219.1	Orthoptera
3318	KY296453.1	Orthoptera
3319	MG779499.1	Orthoptera
3320	KM657335.1	Orthoptera
3321	MN083209.1	Orthoptera
3322	KX375764.1	Orthoptera
3323	MK903563.1	Orthoptera
3324	JN858153.1	Orthoptera
3325	MN083194.1	Orthoptera
3326	HQ711931.1	Orthoptera
3327	NC_033986.1	Orthoptera
3328	MH685924.1	Orthoptera
3329	MH718849.1	Orthoptera
3330	NC_046527.1	Orthoptera
3331	JF411955.1	Orthoptera
3332	HM131804.1	Orthoptera
3333	ON530891.1	Orthoptera
3334	NC_046557.1	Orthoptera
3335	MK903595.1	Orthoptera
3336	MH580276.1	Orthoptera
3337	NC_033992.1	Orthoptera
3338	NC_018542.1	Orthoptera
3339	NC_030586.1	Orthoptera
3340	KP889242.1	Orthoptera
3341	MK352098.1	Orthoptera
3342	KX057737.1	Orthoptera
3343	MT916717.1	Orthoptera
3344	KY612457.1	Orthoptera
3345	NC_053745.1	Orthoptera
3346	HM583652.1	Orthoptera
3347	JX913765.1	Orthoptera
3348	NC_046545.1	Orthoptera
3349	JN858177.1	Orthoptera
3350	NC_033990.1	Orthoptera
3351	MT849270.1	Orthoptera
3352	NC_039408.1	Orthoptera
3353	KF937392.1	Orthoptera
3354	NC_061052.1	Orthoptera
3355	NC_046543.1	Orthoptera
3356	NC_046544.1	Orthoptera
3357	NC_046528.1	Orthoptera
3358	ON530889.1	Orthoptera
3359	NC_052733.1	Orthoptera
3360	NC_046548.1	Orthoptera
3361	NC_011095.1	Orthoptera
3362	NC_030165.1	Orthoptera
3363	MW770353.1	Orthoptera
3364	KX057728.1	Orthoptera
3365	OM650689.1	Orthoptera
3366	MN414243.1	Orthoptera
3367	KC555032.1	Orthoptera
3368	NC_046570.1	Orthoptera
3369	MK903561.2	Orthoptera
3370	JN858172.1	Orthoptera
3371	NC_030626.1	Orthoptera
3372	NC_039664.1	Orthoptera
3373	KM657331.1	Orthoptera
3374	NC_046562.1	Orthoptera
3375	MN083171.1	Orthoptera
3376	KX673198.1	Orthoptera
3377	KX057725.1	Orthoptera
3378	JN858202.1	Orthoptera
3379	MT916718.1	Orthoptera
3380	NC_034756.1	Orthoptera
3381	MK903558.2	Orthoptera
3382	NC_023919.1	Orthoptera
3383	KC542807.1	Orthoptera
3384	KT345950.1	Orthoptera
3385	MK903566.2	Orthoptera
3386	MN083191.1	Orthoptera
3387	JN858178.1	Orthoptera
3388	JN858212.1	Orthoptera
3389	NC_035420.1	Orthoptera
3390	KM657337.1	Orthoptera
3391	NC_020329.1	Orthoptera
3392	JN858199.1	Orthoptera
3393	HQ833843.1	Orthoptera
3394	MK903591.1	Orthoptera
3395	NC_033905.1	Orthoptera
3396	NC_035227.1	Orthoptera
3397	JN858209.1	Orthoptera
3398	NC_011301.1	Orthoptera
3399	KX673203.1	Orthoptera
3400	MK033622.1	Orthoptera
3401	MW542137.1	Orthoptera
3402	MN083200.1	Orthoptera
3403	NC_020328.1	Orthoptera
3404	JQ272702.1	Orthoptera
3405	JN858157.1	Orthoptera
3406	NC_032077.1	Orthoptera
3407	MK059456.1	Orthoptera
3408	MH712457.1	Orthoptera
3409	MK903575.2	Orthoptera
3410	NC_046539.1	Orthoptera
3411	NC_046555.1	Orthoptera
3412	MH580272.1	Orthoptera
3413	NC_041236.1	Orthoptera
3414	JX913769.1	Orthoptera
3415	NC_053659.1	Orthoptera
3416	OK540319.1	Orthoptera
3417	NC_046534.1	Orthoptera
3418	NC_033906.1	Orthoptera
3419	JN858154.1	Orthoptera
3420	MK951778.1	Orthoptera
3421	NC_014887.1	Orthoptera
3422	KY296452.1	Orthoptera
3423	NC_046565.1	Orthoptera
3424	KX057734.1	Orthoptera
3425	MK903564.2	Orthoptera
3426	JN858152.1	Orthoptera
3427	MT499331.1	Orthoptera
3428	MF113247.1	Orthoptera
3429	JN858182.1	Orthoptera
3430	LC521855.1	Orthoptera
3431	JN858208.1	Orthoptera
3432	JN858207.1	Orthoptera
3433	NC_046563.1	Orthoptera
3434	NC_042666.1	Orthoptera
3435	NC_052732.1	Orthoptera
3436	MT916714.1	Orthoptera
3437	NC_046532.1	Orthoptera
3438	NC_046554.1	Orthoptera
3439	KX057733.1	Orthoptera
3440	MN083192.1	Orthoptera
3441	KX354724.1	Orthoptera
3442	KY619842.1	Orthoptera
3443	KU562917.1	Orthoptera
3444	NC_046546.1	Orthoptera
3445	MH580274.1	Orthoptera
3446	NC_029205.1	Orthoptera
3447	NC_036063.1	Orthoptera
3448	JN858166.1	Orthoptera
3449	MK903579.2	Orthoptera
3450	NC_011824.1	Orthoptera
3451	KC542806.1	Orthoptera
3452	KX673195.1	Orthoptera
3453	KP313875.1	Orthoptera
3454	HM219224.1	Orthoptera
3455	MH791445.1	Orthoptera
3456	MN083206.1	Orthoptera
3457	KX057712.1	Orthoptera
3458	NC_053942.1	Orthoptera
3459	MG680938.1	Orthoptera
3460	KX057735.1	Orthoptera
3461	NC_028619.1	Orthoptera
3462	NC_033985.1	Orthoptera
3463	MT993975.1	Orthoptera
3464	MK113716.1	Orthoptera
3465	NC_014491.1	Orthoptera
3466	MK903588.2	Orthoptera
3467	NC_054195.1	Orthoptera
3468	KY407794.1	Orthoptera
3469	NC_011115.1	Orthoptera
3470	MN083167.1	Orthoptera
3471	NC_020330.1	Orthoptera
3472	MW322826.1	Orthoptera
3473	NC_039739.1	Orthoptera
3474	NC_039981.1	Orthoptera
3475	MK829651.1	Orthoptera
3476	MN083204.1	Orthoptera
3477	MK903587.2	Orthoptera
3478	MK903572.1	Orthoptera
3479	MT849267.1	Orthoptera
3480	MK656322.1	Orthoptera
3481	KX057729.1	Orthoptera
3482	NC_046561.1	Orthoptera
3483	JX122541.1	Orthoptera
3484	GU323362.1	Orthoptera
3485	JN858198.1	Orthoptera
3486	MK903562.2	Orthoptera
3487	KR108252.1	Orthoptera
3488	NC_052717.1	Orthoptera
3489	NC_052715.1	Orthoptera
3490	NC_046549.1	Orthoptera
3491	JN858164.1	Orthoptera
3492	NC_013240.1	Orthoptera
3493	MZ440658.1	Orthoptera
3494	NC_028059.1	Orthoptera
3495	MK347245.1	Orthoptera
3496	NC_042665.1	Orthoptera
3497	KX057739.1	Orthoptera
3498	MK903570.1	Orthoptera
3499	NC_026525.1	Orthoptera
3500	NC_045848.1	Orthoptera
3501	KM657332.1	Orthoptera
3502	JN858175.1	Orthoptera
3503	NC_046547.1	Orthoptera
3504	NC_059852.1	Orthoptera
3505	JQ340002.1	Orthoptera
3506	MZ440654.1	Orthoptera
3507	JN858197.1	Orthoptera
3508	EU938373.1	Orthoptera
3509	MN138365.1	Orthoptera
3510	MN083198.1	Orthoptera
3511	MK903571.1	Orthoptera
3512	JN858201.1	Orthoptera
3513	MZ440659.1	Orthoptera
3514	JN858171.1	Orthoptera
3515	JN858149.1	Orthoptera
3516	AY660929.1	Orthoptera
3517	NC_033995.1	Orthoptera
3518	GU344101.1	Orthoptera
3519	NC_021609.1	Orthoptera
3520	NC_046537.1	Orthoptera
3521	GU294759.1	Orthoptera
3522	MZ433421.1	Orthoptera
3523	MN046218.1	Orthoptera
3524	MN083185.1	Orthoptera
3525	NC_057442.1	Orthoptera
3526	MK801775.1	Orthoptera
3527	NC_020776.1	Orthoptera
3528	MW365703.1	Orthoptera
3529	NC_046559.1	Orthoptera
3530	NC_009967.1	Orthoptera
3531	MK903593.2	Orthoptera
3532	MW810985.1	Orthoptera
3533	KX223964.1	Orthoptera
3534	NC_011827.1	Orthoptera
3535	JX468877.1	Orthoptera
3536	JQ975394.1	Orthoptera
3537	NC_033991.1	Orthoptera
3538	MK903573.2	Orthoptera
3539	KF658071.1	Orthoptera
3540	KX857637.1	Orthoptera
3541	NC_028160.1	Orthoptera
3542	NC_011813.1	Orthoptera
3543	NC_033982.1	Orthoptera
3544	NC_014488.1	Orthoptera
3545	JN858195.1	Orthoptera
3546	MF095791.1	Orthoptera
3547	NC_061318.1	Orthoptera
3548	OM650688.1	Orthoptera
3549	KX781264.1	Orthoptera
3550	NC_028065.1	Orthoptera
3551	NC_036750.1	Orthoptera
3552	MK903565.2	Orthoptera
3553	MK903556.1	Orthoptera
3554	EU557269.1	Orthoptera
3555	MK903596.2	Orthoptera
3556	NC_039962.1	Orthoptera
3557	NC_033981.1	Orthoptera
3558	NC_056786.1	Orthoptera
3559	MK903574.2	Orthoptera
3560	NC_045846.1	Orthoptera
3561	NC_033988.1	Orthoptera
3562	GU181288.1	Orthoptera
3563	KP098593.1	Orthoptera
3564	JN858170.1	Orthoptera
3565	MZ440656.1	Orthoptera
3566	NC_023921.1	Orthoptera
3567	NC_028058.1	Orthoptera
3568	NC_034799.1	Orthoptera
3569	MK059458.1	Orthoptera
3570	JX913775.1	Orthoptera
3571	MN083177.1	Orthoptera
3572	MN083208.1	Orthoptera
3573	NC_063966.1	Orthoptera
3574	JN858161.1	Orthoptera
3575	MN083190.1	Orthoptera
3576	NC_046538.1	Orthoptera
3577	NC_046536.1	Orthoptera
3578	MN395747.1	Orthoptera
3579	JN858186.1	Orthoptera
3580	KM657334.1	Orthoptera
3581	NC_057195.1	Orthoptera
3582	NC_011823.1	Orthoptera
3583	KU668856.1	Orthoptera
3584	KX057723.1	Orthoptera
3585	JN858205.1	Orthoptera
3586	NC_020778.1	Orthoptera
3587	GU270284.1	Orthoptera
3588	MZ433419.1	Orthoptera
3589	MT849265.1	Orthoptera
3590	MN046213.1	Orthoptera
3591	NC_035553.1	Orthoptera
3592	KX057736.1	Orthoptera
3593	MN083203.1	Orthoptera
3594	JN858169.1	Orthoptera
3595	JN858184.1	Orthoptera
3596	MK903577.2	Orthoptera
3597	MK080200.1	Orthoptera
3598	NC_025904.1	Orthoptera
3599	NC_032303.1	Orthoptera
3600	NC_011200.1	Orthoptera
3601	NC_034994.1	Orthoptera
3602	NC_053546.1	Orthoptera
3603	KY618865.1	Orthoptera
3604	MK903560.1	Orthoptera
3605	JQ326212.1	Orthoptera
3606	JQ917910.1	Orthoptera
3607	NC_015478.1	Orthoptera
3608	KY783907.1	Orthoptera
3609	KY364002.1	Orthoptera
3610	NC_048466.1	Orthoptera
3611	NC_023535.1	Orthoptera
3612	JX468878.1	Orthoptera
3613	NC_039667.1	Orthoptera
3614	NC_045928.1	Orthoptera
3615	JN858180.1	Orthoptera
3616	JN858176.1	Orthoptera
3617	EU263919.1	Orthoptera
3618	KX289321.1	Orthoptera
3619	NC_019993.1	Orthoptera
3620	NC_014349.1	Orthoptera
3621	NC_037914.1	Orthoptera
3622	HQ260647.1	Orthoptera
3623	KX170936.1	Orthoptera
3624	NC_046553.1	Orthoptera
3625	MT985324.1	Orthoptera
3626	NC_030587.1	Orthoptera
3627	NC_046556.1	Orthoptera
3628	KT345951.1	Orthoptera
3629	NC_046560.1	Orthoptera
3630	MN083205.1	Orthoptera
3631	KX057730.1	Orthoptera
3632	NC_020774.1	Orthoptera
3633	EU527334.1	Orthoptera
3634	MZ157401.1	Orthoptera
3635	NC_052734.1	Orthoptera
3636	KC467055.1	Orthoptera
3637	MN083188.1	Orthoptera
3638	NC_013847.1	Orthoptera
3639	NC_035552.1	Orthoptera
3640	MN083186.1	Orthoptera
3641	NC_053543.1	Orthoptera
3642	MH198673.1	Orthoptera
3643	MK759880.1	Orthoptera
3644	JN858168.1	Orthoptera
3645	MT849269.1	Orthoptera
3646	MH580275.1	Orthoptera
3647	MK303550.1	Orthoptera
3648	NC_011302.1	Orthoptera
3649	KX057724.1	Orthoptera
3650	JN858194.1	Orthoptera
3651	KX057716.1	Orthoptera
3652	NC_036994.1	Orthoptera
3653	KM244677.1	Orthoptera
3654	KX673205.1	Orthoptera
3655	MK903555.1	Orthoptera
3656	JN858211.1	Orthoptera
3657	NC_041412.1	Orthoptera
3658	NC_021397.1	Orthoptera
3659	JN858183.1	Orthoptera
3660	KY316379.1	Orthoptera
3661	KX057717.1	Orthoptera
3662	NC_056238.1	Orthoptera
3663	NC_025946.1	Orthoptera
3664	MK903590.1	Orthoptera
3665	MK903586.1	Orthoptera
3666	KM657340.1	Orthoptera
3667	NC_021610.1	Orthoptera
3668	KY747520.1	Orthoptera
3669	JN858196.1	Orthoptera
3670	MN046215.1	Orthoptera
3671	MK059457.1	Orthoptera
3672	JN858185.1	Orthoptera
3673	MN046217.1	Orthoptera
3674	NC_031397.1	Orthoptera
3675	NC_057053.1	Orthoptera
3676	NC_026716.1	Orthoptera
3677	JN858188.1	Orthoptera
3678	MK903585.1	Orthoptera
3679	OK504623.1	Orthoptera
3680	NC_048465.1	Orthoptera
3681	KX057711.1	Orthoptera
3682	MN083180.1	Orthoptera
3683	HQ833842.1	Orthoptera
3684	KC894752.1	Orthoptera
3685	MT499332.1	Orthoptera
3686	KX057738.1	Orthoptera
3687	NC_031506.1	Orthoptera
3688	MT849271.1	Orthoptera
3689	JN858165.1	Orthoptera
3690	MK903567.2	Orthoptera
3691	JN858162.1	Orthoptera
3692	NC_046411.1	Orthoptera
3693	KX673204.1	Orthoptera
3694	NC_033984.1	Orthoptera
3695	NC_031817.1	Orthoptera
3696	KU355786.1	Orthoptera
3697	JN858167.1	Orthoptera
3698	JN858181.1	Orthoptera
3699	NC_018543.1	Orthoptera
3700	NC_021103.1	Orthoptera
3701	JN858159.1	Orthoptera
3702	NC_046550.1	Orthoptera
3703	MK903576.1	Orthoptera
3704	NC_042904.1	Orthoptera
3705	KT824636.1	Orthoptera
3706	GU945502.1	Orthoptera
3707	MT916720.1	Orthoptera
3708	NC_013835.1	Orthoptera
3709	NC_034757.1	Orthoptera
3710	JN858148.1	Orthoptera
3711	EU914849.1	Orthoptera
3712	MH196878.1	Orthoptera
3713	MK059455.1	Orthoptera
3714	MK303551.1	Orthoptera
3715	MW322713.1	Orthoptera
3716	MK903559.2	Orthoptera
3717	JQ999995.1	Orthoptera
3718	EU370925.1	Orthoptera
3719	MT166299.1	Orthoptera
3720	JN858206.1	Orthoptera
3721	KX057731.1	Orthoptera
3722	JN858200.1	Orthoptera
3723	NC_013805.1	Orthoptera
3724	EU527333.1	Orthoptera
3725	KX057726.1	Orthoptera
3726	JN858160.1	Orthoptera
3727	MN046212.1	Orthoptera
3728	NC_045237.1	Orthoptera
3729	MN083175.1	Orthoptera
3730	KX057713.1	Orthoptera
3731	MH671309.1	Orthoptera
3732	BK059220.1	Orthoptera
3733	MK903569.1	Orthoptera
3734	KU562919.1	Orthoptera
3735	NC_046541.1	Orthoptera
3736	NC_046894.1	Orthoptera
3737	MT340751.1	Orthoptera
3738	KP872953.1	Orthoptera
3739	NC_046535.1	Orthoptera
3740	NC_045847.1	Orthoptera
3741	NC_046412.1	Orthoptera
3742	MN046214.1	Orthoptera
3743	GU249619.1	Orthoptera
3744	KT157830.1	Orthoptera
3745	MN046220.1	Orthoptera
3746	MZ440657.1	Orthoptera
3747	NC_046564.1	Orthoptera
3748	GU344100.1	Orthoptera
3749	NC_006678.1	Orthoptera
3750	GU945503.1	Orthoptera
3751	MK352102.1	Orthoptera
3752	KU885974.1	Orthoptera
3753	NC_011119.1	Orthoptera
3754	JN858187.1	Orthoptera
3755	MT499333.1	Orthoptera
3756	MG701239.1	Orthoptera
3757	JX913771.1	Orthoptera
3758	MF347703.1	Orthoptera
3759	JN858150.1	Orthoptera
3760	NC_033987.1	Orthoptera
3761	KP347043.1	Orthoptera
3762	NC_029148.1	Orthoptera
3763	NC_040974.1	Orthoptera
3764	HM583654.1	Orthoptera
3765	JN858203.1	Orthoptera
3766	KX857636.1	Orthoptera
3767	MN083178.1	Orthoptera
3768	EU914848.1	Orthoptera
3769	MN083182.1	Orthoptera
3770	MT916716.1	Orthoptera
3771	MN083193.1	Orthoptera
3772	JN858193.1	Orthoptera
3773	NC_059683.1	Orthoptera
3774	NC_034797.1	Orthoptera
3775	MK303553.1	Orthoptera
3776	NC_027187.1	Orthoptera
3777	NC_032716.1	Orthoptera
3778	MZ440655.1	Orthoptera
3779	MT499330.1	Orthoptera
3780	MT916719.1	Orthoptera
3781	JN858191.1	Orthoptera
3782	KY783908.1	Orthoptera
3783	MW315773.1	Orthoptera
3784	NC_041116.1	Orthoptera
3785	NC_052716.1	Orthoptera
3786	MT340753.1	Orthoptera
3787	KX170937.1	Orthoptera
3788	MN083184.1	Orthoptera
3789	X80245.1	Orthoptera
3790	KR604688.1	Orthoptera
3791	EU938372.1	Orthoptera
3792	NC_041115.1	Orthoptera
3793	NC_039666.1	Orthoptera
3794	MK903589.2	Orthoptera
3795	NC_061053.1	Orthoptera
3796	GU324311.1	Orthoptera
3797	NC_056785.1	Orthoptera
3798	KY236114.1	Orthoptera
3799	MT916721.1	Orthoptera
3800	NC_045841.1	Orthoptera
3801	KX057732.1	Orthoptera
3802	EF373911.1	Orthoptera
3803	JN858179.1	Orthoptera
3804	KM588074.1	Orthoptera
3805	NC_001712.1	Orthoptera
3806	KU375571.1	Orthoptera
3807	JN858192.1	Orthoptera
3808	JN858204.1	Orthoptera
3809	GQ491031.1	Orthoptera
3810	NC_046540.1	Orthoptera
3811	GQ180102.1	Orthoptera
3812	JN858190.1	Orthoptera
3813	MZ128147.1	Orthoptera
3814	NC_045883.1	Orthoptera
3815	JN858158.1	Orthoptera
3816	GU945504.1	Orthoptera
3817	MT916715.1	Orthoptera
3818	NC_033994.1	Orthoptera
3819	KX057740.1	Orthoptera
3820	NC_053660.1	Orthoptera
3821	NC_021379.1	Orthoptera
3822	NC_051867.1	Orthoptera
3823	KY783906.1	Orthoptera
3824	MN083172.1	Orthoptera
3825	NC_029327.1	Orthoptera
3826	NC_046551.1	Orthoptera
3827	NC_063967.1	Orthoptera
3828	NC_024923.1	Orthoptera
3829	MT166300.1	Orthoptera
3830	MT849273.1	Orthoptera
3831	MN484604.1	Orthoptera
3832	NC_015624.1	Orthoptera
3833	NC_021380.1	Orthoptera
3834	EU938371.1	Orthoptera
3835	MK303552.1	Orthoptera
3836	KX857634.1	Orthoptera
3837	NC_041114.1	Orthoptera
3838	NC_013701.1	Orthoptera
3839	KX057721.1	Orthoptera
3840	KM244694.1	Orthoptera
3841	GU294758.1	Orthoptera
3842	KC831767.1	Orthoptera
3843	MK903568.1	Orthoptera
3844	NC_036062.1	Orthoptera
3845	NC_028063.1	Orthoptera
3846	MK757458.1	Orthoptera
3847	NC_033853.1	Orthoptera
3848	HQ833840.1	Orthoptera
3849	NC_014891.1	Orthoptera
3850	NC_046558.1	Orthoptera
3851	MK903597.2	Orthoptera
3852	KM657333.1	Orthoptera
3853	JQ917909.1	Orthoptera
3854	NC_014451.1	Orthoptera
3855	MW009066.1	Orthoptera
3856	NC_020773.1	Orthoptera
3857	JX913774.1	Orthoptera
3858	JN858174.1	Orthoptera
3859	NC_045212.1	Orthoptera
3860	EU938370.1	Orthoptera
3861	NC_014450.1	Orthoptera
3862	MT166298.1	Orthoptera
3863	MK352101.1	Orthoptera
3864	NC_034674.1	Orthoptera
3865	JN858189.1	Orthoptera
3866	MF989227.1	Orthoptera
3867	NC_025285.1	Orthoptera
3868	NC_050742.1	Orthoptera
3869	KU942377.1	Orthoptera
3870	NC_014610.1	Orthoptera
3871	NC_018765.1	Orthoptera
3872	KF931338.1	Orthoptera
3873	KX553995.1	Orthoptera
3874	MT849272.1	Orthoptera
3875	KM521245.1	Orthoptera
3876	NC_045065.1	Orthoptera
3877	NC_034773.1	Orthoptera
3878	JN858163.1	Orthoptera
3879	KY130417.1	Orthoptera
3880	MF113246.1	Orthoptera
3881	NC_043956.1	Orthoptera
3882	MN083201.1	Orthoptera
3883	KP233803.1	Orthoptera
3884	NC_016182.1	Orthoptera
3885	NC_029150.1	Orthoptera
3886	NC_057646.1	Orthoptera
3887	MN046216.1	Orthoptera
3888	KM670011.1	Orthoptera
3889	MZ427921.1	Orthoptera
3890	NC_028060.1	Orthoptera
3891	MH580273.1	Orthoptera
3892	EU513374.1	Orthoptera
3893	NC_046530.1	Orthoptera
3894	MT340754.1	Orthoptera
3895	NC_046529.1	Orthoptera
3896	EF437157.1	Orthoptera
3897	KX057710.1	Orthoptera
3898	MN083168.1	Orthoptera
3899	MK903598.1	Orthoptera
3900	AP018434.1	Hymenoptera
3901	MH729198.1	Hymenoptera
3902	NC_048885.1	Hymenoptera
3903	OM203309.1	Hymenoptera
3904	NC_056349.1	Hymenoptera
3905	MW309837.1	Hymenoptera
3906	NC_036067.1	Hymenoptera
3907	MK189132.1	Hymenoptera
3908	NC_042445.1	Hymenoptera
3909	OM203331.1	Hymenoptera
3910	OM203232.1	Hymenoptera
3911	KY464958.1	Hymenoptera
3912	KT223644.1	Hymenoptera
3913	OM203267.1	Hymenoptera
3914	NC_022849.1	Hymenoptera
3915	NC_060647.1	Hymenoptera
3916	OM203223.1	Hymenoptera
3917	OM203263.1	Hymenoptera
3918	NC_060989.1	Hymenoptera
3919	OM203235.1	Hymenoptera
3920	NC_057194.1	Hymenoptera
3921	MH158408.1	Hymenoptera
3922	KU577437.1	Hymenoptera
3923	OM203234.1	Hymenoptera
3924	MT916846.1	Hymenoptera
3925	MN737481.1	Hymenoptera
3926	MK570128.1	Hymenoptera
3927	OL581665.1	Hymenoptera
3928	KJ684986.1	Hymenoptera
3929	NC_036343.1	Hymenoptera
3930	MK189127.1	Hymenoptera
3931	KT428891.1	Hymenoptera
3932	KJ396190.1	Hymenoptera
3933	NC_012708.1	Hymenoptera
3934	MT906644.1	Hymenoptera
3935	NC_057193.1	Hymenoptera
3936	OM328370.1	Hymenoptera
3937	KJ814197.1	Hymenoptera
3938	MK189130.1	Hymenoptera
3939	NC_041075.1	Hymenoptera
3940	KX584356.1	Hymenoptera
3941	BK010476.1	Hymenoptera
3942	OM203239.1	Hymenoptera
3943	MF351881.1	Hymenoptera
3944	MW160468.1	Hymenoptera
3945	KJ396184.1	Hymenoptera
3946	OM203305.1	Hymenoptera
3947	HQ215540.1	Hymenoptera
3948	BK010379.1	Hymenoptera
3949	NC_039949.1	Hymenoptera
3950	OM203274.1	Hymenoptera
3951	OM203272.1	Hymenoptera
3952	NC_045179.1	Hymenoptera
3953	OM203340.1	Hymenoptera
3954	NC_046420.1	Hymenoptera
3955	AP018369.1	Hymenoptera
3956	NC_051459.1	Hymenoptera
3957	MZ981768.1	Hymenoptera
3958	MG923515.1	Hymenoptera
3959	MT745902.1	Hymenoptera
3960	MF565375.1	Hymenoptera
3961	MN833127.1	Hymenoptera
3962	MT859135.1	Hymenoptera
3963	OM203229.1	Hymenoptera
3964	KX951753.1	Hymenoptera
3965	OM203322.1	Hymenoptera
3966	NC_046399.1	Hymenoptera
3967	OM203286.1	Hymenoptera
3968	OM203278.1	Hymenoptera
3969	LC541729.1	Hymenoptera
3970	MW255939.1	Hymenoptera
3971	OM203250.1	Hymenoptera
3972	OM203282.1	Hymenoptera
3973	MG552696.1	Hymenoptera
3974	NC_042768.1	Hymenoptera
3975	NC_030790.1	Hymenoptera
3976	MW811175.1	Hymenoptera
3977	BK010380.1	Hymenoptera
3978	NC_060873.1	Hymenoptera
3979	KT740996.1	Hymenoptera
3980	NC_060543.1	Hymenoptera
3981	MG552687.1	Hymenoptera
3982	MG552702.1	Hymenoptera
3983	NC_056795.1	Hymenoptera
3984	OM203316.1	Hymenoptera
3985	JX982136.1	Hymenoptera
3986	OM203222.1	Hymenoptera
3987	NC_048883.1	Hymenoptera
3988	MW959771.1	Hymenoptera
3989	MG552700.1	Hymenoptera
3990	NC_045215.1	Hymenoptera
3991	MT745908.1	Hymenoptera
3992	MG923485.1	Hymenoptera
3993	BK010387.1	Hymenoptera
3994	KF015227.1	Hymenoptera
3995	NC_045902.1	Hymenoptera
3996	MK051022.1	Hymenoptera
3997	NC_062839.1	Hymenoptera
3998	LC640345.1	Hymenoptera
3999	MG552695.1	Hymenoptera
4000	MH065751.1	Hymenoptera
4001	NC_046425.1	Hymenoptera
4002	NC_061037.1	Hymenoptera
4003	OM203268.1	Hymenoptera
4004	MF417380.1	Hymenoptera
4005	BK010473.1	Hymenoptera
4006	KF696670.1	Hymenoptera
4007	OM203219.1	Hymenoptera
4008	MW551561.1	Hymenoptera
4009	NC_039656.1	Hymenoptera
4010	KY293679.1	Hymenoptera
4011	OM203270.1	Hymenoptera
4012	NC_035146.2	Hymenoptera
4013	NC_061556.1	Hymenoptera
4014	NC_044146.1	Hymenoptera
4015	OM203261.1	Hymenoptera
4016	MW694322.1	Hymenoptera
4017	NC_048491.1	Hymenoptera
4018	KT260167.1	Hymenoptera
4019	MN250878.1	Hymenoptera
4020	MK907921.1	Hymenoptera
4021	MH719017.1	Hymenoptera
4022	OM203287.1	Hymenoptera
4023	NC_062352.1	Hymenoptera
4024	KJ396183.1	Hymenoptera
4025	KY091645.1	Hymenoptera
4026	OK569859.1	Hymenoptera
4027	KX146468.1	Hymenoptera
4028	MW376475.1	Hymenoptera
4029	OM203326.1	Hymenoptera
4030	NC_045178.1	Hymenoptera
4031	MT357022.1	Hymenoptera
4032	MT919976.1	Hymenoptera
4033	BK010383.1	Hymenoptera
4034	OM203254.1	Hymenoptera
4035	OM203314.1	Hymenoptera
4036	MG552691.1	Hymenoptera
4037	KT266831.1	Hymenoptera
4038	KY926883.1	Hymenoptera
4039	MT985329.1	Hymenoptera
4040	NC_058228.1	Hymenoptera
4041	MK940828.1	Hymenoptera
4042	NC_024664.1	Hymenoptera
4043	MT906647.1	Hymenoptera
4044	LC605004.1	Hymenoptera
4045	OM203320.1	Hymenoptera
4046	AP018484.1	Hymenoptera
4047	KP163643.1	Hymenoptera
4048	LC640351.1	Hymenoptera
4049	MW281319.1	Hymenoptera
4050	NC_051486.1	Hymenoptera
4051	NC_057084.1	Hymenoptera
4052	BK010386.1	Hymenoptera
4053	KJ601784.1	Hymenoptera
4054	MT215092.1	Hymenoptera
4055	AB556946.1	Hymenoptera
4056	NC_030541.1	Hymenoptera
4057	AP018149.1	Hymenoptera
4058	NC_046020.1	Hymenoptera
4059	OK329944.1	Hymenoptera
4060	KJ396185.1	Hymenoptera
4061	KY679828.1	Hymenoptera
4062	OL581664.1	Hymenoptera
4063	NC_045903.1	Hymenoptera
4064	NC_049861.1	Hymenoptera
4065	MN654113.1	Hymenoptera
4066	MG552693.1	Hymenoptera
4067	OM203296.1	Hymenoptera
4068	NC_063693.1	Hymenoptera
4069	MZ726800.1	Hymenoptera
4070	MZ615567.1	Hymenoptera
4071	NC_042676.1	Hymenoptera
4072	MG552686.1	Hymenoptera
4073	OM203253.1	Hymenoptera
4074	AP018398.1	Hymenoptera
4075	OK104786.1	Hymenoptera
4076	OM203258.1	Hymenoptera
4077	MT357019.1	Hymenoptera
4078	OM203344.1	Hymenoptera
4079	BK010381.1	Hymenoptera
4080	NC_046422.1	Hymenoptera
4081	BK010472.1	Hymenoptera
4082	MK189128.1	Hymenoptera
4083	FJ478174.1	Hymenoptera
4084	OM203220.1	Hymenoptera
4085	MW632127.1	Hymenoptera
4086	OM203257.1	Hymenoptera
4087	MT215091.1	Hymenoptera
4088	NC_049860.1	Hymenoptera
4089	NC_041176.1	Hymenoptera
4090	LC640346.1	Hymenoptera
4091	MG552703.1	Hymenoptera
4092	MW632124.1	Hymenoptera
4093	AP018435.1	Hymenoptera
4094	KY856830.1	Hymenoptera
4095	LC702705.1	Hymenoptera
4096	OM203227.1	Hymenoptera
4097	MN119925.1	Hymenoptera
4098	NC_023093.1	Hymenoptera
4099	KJ396187.1	Hymenoptera
4100	KX908206.1	Hymenoptera
4101	OM203304.1	Hymenoptera
4102	KT921411.1	Hymenoptera
4103	KC160533.1	Hymenoptera
4104	MW789210.1	Hymenoptera
4105	MN542756.1	Hymenoptera
4106	MW528028.1	Hymenoptera
4107	MT745910.1	Hymenoptera
4108	KJ396186.1	Hymenoptera
4109	MG552684.1	Hymenoptera
4110	NC_039534.1	Hymenoptera
4111	OK509076.1	Hymenoptera
4112	NC_045852.1	Hymenoptera
4113	NC_032071.1	Hymenoptera
4114	NC_028445.1	Hymenoptera
4115	AP018483.1	Hymenoptera
4116	MT645078.1	Hymenoptera
4117	NC_057612.1	Hymenoptera
4118	MT264907.1	Hymenoptera
4119	MW722780.1	Hymenoptera
4120	OM203303.1	Hymenoptera
4121	NC_059910.1	Hymenoptera
4122	MK496222.1	Hymenoptera
4123	NC_060604.1	Hymenoptera
4124	OM203281.1	Hymenoptera
4125	NC_051484.1	Hymenoptera
4126	MN747147.1	Hymenoptera
4127	OM203292.1	Hymenoptera
4128	MK189134.1	Hymenoptera
4129	NC_027830.1	Hymenoptera
4130	NC_039709.1	Hymenoptera
4131	MW067133.1	Hymenoptera
4132	OM203237.1	Hymenoptera
4133	NC_025289.1	Hymenoptera
4134	OM203334.1	Hymenoptera
4135	OM203341.1	Hymenoptera
4136	MG552698.1	Hymenoptera
4137	MT357021.1	Hymenoptera
4138	MG552690.1	Hymenoptera
4139	NC_030176.1	Hymenoptera
4140	KR059904.1	Hymenoptera
4141	OM203339.1	Hymenoptera
4142	OM203266.1	Hymenoptera
4143	NC_013238.1	Hymenoptera
4144	EU871947.1	Hymenoptera
4145	LC541730.1	Hymenoptera
4146	NC_061411.1	Hymenoptera
4147	KT373787.1	Hymenoptera
4148	MG552682.1	Hymenoptera
4149	OM203333.1	Hymenoptera
4150	KU836507.1	Hymenoptera
4151	NC_032072.1	Hymenoptera
4152	NC_038114.1	Hymenoptera
4153	MW741886.2	Hymenoptera
4154	KX908208.1	Hymenoptera
4155	OM203226.1	Hymenoptera
4156	OM203343.1	Hymenoptera
4157	NC_062437.1	Hymenoptera
4158	MN714160.1	Hymenoptera
4159	NC_021401.1	Hymenoptera
4160	OM203345.1	Hymenoptera
4161	OM203221.1	Hymenoptera
4162	MW632128.1	Hymenoptera
4163	MH065757.1	Hymenoptera
4164	AP017941.1	Hymenoptera
4165	OM203251.1	Hymenoptera
4166	OM203319.1	Hymenoptera
4167	NC_053900.1	Hymenoptera
4168	LC640349.1	Hymenoptera
4169	NC_036235.1	Hymenoptera
4170	NC_014669.1	Hymenoptera
4171	MW632126.1	Hymenoptera
4172	OM203313.1	Hymenoptera
4173	KT260168.1	Hymenoptera
4174	MW632125.2	Hymenoptera
4175	NC_050309.1	Hymenoptera
4176	MT745903.1	Hymenoptera
4177	AB556947.1	Hymenoptera
4178	MW074965.1	Hymenoptera
4179	NC_046424.1	Hymenoptera
4180	MK801109.1	Hymenoptera
4181	MT712144.1	Hymenoptera
4182	NC_056796.1	Hymenoptera
4183	MH341408.1	Hymenoptera
4184	MW415020.2	Hymenoptera
4185	LC519884.1	Hymenoptera
4186	MK801110.1	Hymenoptera
4187	MW429351.1	Hymenoptera
4188	MT745907.1	Hymenoptera
4189	OK104785.1	Hymenoptera
4190	AF466146.2	Hymenoptera
4191	OM203327.1	Hymenoptera
4192	OM203347.1	Hymenoptera
4193	OM203273.1	Hymenoptera
4194	NC_051932.1	Hymenoptera
4195	OM203324.1	Hymenoptera
4196	MW402864.1	Hymenoptera
4197	FJ154897.1	Hymenoptera
4198	NC_049859.1	Hymenoptera
4199	KP670862.1	Hymenoptera
4200	OM203264.1	Hymenoptera
4201	MZ461490.1	Hymenoptera
4202	MW464859.1	Hymenoptera
4203	OM203285.1	Hymenoptera
4204	MG552692.1	Hymenoptera
4205	NC_051458.1	Hymenoptera
4206	OM203311.1	Hymenoptera
4207	MZ152216.1	Hymenoptera
4208	OM203252.1	Hymenoptera
4209	BK010382.1	Hymenoptera
4210	KX943034.1	Hymenoptera
4211	NC_056370.1	Hymenoptera
4212	OM203241.1	Hymenoptera
4213	MW124432.1	Hymenoptera
4214	KX950825.1	Hymenoptera
4215	NC_014278.1	Hymenoptera
4216	AP018490.1	Hymenoptera
4217	NC_056369.1	Hymenoptera
4218	OM203330.1	Hymenoptera
4219	NC_034003.1	Hymenoptera
4220	MH065752.1	Hymenoptera
4221	KX908209.1	Hymenoptera
4222	OK104787.1	Hymenoptera
4223	OM203288.1	Hymenoptera
4224	KR270643.1	Hymenoptera
4225	OM423599.1	Hymenoptera
4226	OL694022.1	Hymenoptera
4227	HQ215538.1	Hymenoptera
4228	MN928529.1	Hymenoptera
4229	FJ611801.1	Hymenoptera
4230	NC_014672.1	Hymenoptera
4231	MH422969.1	Hymenoptera
4232	MW560356.1	Hymenoptera
4233	NC_049088.1	Hymenoptera
4234	NC_026133.1	Hymenoptera
4235	NC_060872.1	Hymenoptera
4236	NC_015075.1	Hymenoptera
4237	MW415019.1	Hymenoptera
4238	OM203307.1	Hymenoptera
4239	MN397938.1	Hymenoptera
4240	NC_057952.1	Hymenoptera
4241	HQ215537.1	Hymenoptera
4242	NC_041202.1	Hymenoptera
4243	JN871914.1	Hymenoptera
4244	MG552685.1	Hymenoptera
4245	KU550061.1	Hymenoptera
4246	MK252702.1	Hymenoptera
4247	NC_014272.1	Hymenoptera
4248	OM203262.1	Hymenoptera
4249	MK138572.1	Hymenoptera
4250	OM203301.1	Hymenoptera
4251	OM203310.1	Hymenoptera
4252	OM203312.1	Hymenoptera
4253	NC_062838.1	Hymenoptera
4254	MH158407.1	Hymenoptera
4255	MG552683.1	Hymenoptera
4256	MT745901.1	Hymenoptera
4257	NC_045360.1	Hymenoptera
4258	KC170303.1	Hymenoptera
4259	NC_053259.1	Hymenoptera
4260	MT137096.1	Hymenoptera
4261	MF995069.1	Hymenoptera
4262	OM203291.1	Hymenoptera
4263	MF678581.1	Hymenoptera
4264	MT745914.1	Hymenoptera
4265	KY464957.1	Hymenoptera
4266	MK189135.1	Hymenoptera
4267	MK994526.1	Hymenoptera
4268	MG822749.1	Hymenoptera
4269	MW281320.1	Hymenoptera
4270	OM203256.1	Hymenoptera
4271	OM203323.1	Hymenoptera
4272	MT295306.2	Hymenoptera
4273	MH158405.1	Hymenoptera
4274	MT898425.1	Hymenoptera
4275	MK051025.1	Hymenoptera
4276	NC_046398.1	Hymenoptera
4277	MH574908.1	Hymenoptera
4278	MW588906.1	Hymenoptera
4279	LC640350.1	Hymenoptera
4280	OM203321.1	Hymenoptera
4281	MT745905.1	Hymenoptera
4282	OM203318.1	Hymenoptera
4283	NC_046423.1	Hymenoptera
4284	OM203230.1	Hymenoptera
4285	NC_035883.1	Hymenoptera
4286	MH158411.1	Hymenoptera
4287	NC_026468.1	Hymenoptera
4288	MZ615568.1	Hymenoptera
4289	NC_046421.1	Hymenoptera
4290	AP018403.1	Hymenoptera
4291	OM203244.1	Hymenoptera
4292	MT909816.1	Hymenoptera
4293	MW281318.1	Hymenoptera
4294	KR864834.1	Hymenoptera
4295	AP018450.1	Hymenoptera
4296	KJ619460.1	Hymenoptera
4297	MH136623.1	Hymenoptera
4298	OM203315.1	Hymenoptera
4299	NC_045283.1	Hymenoptera
4300	EU302588.1	Hymenoptera
4301	MT890564.1	Hymenoptera
4302	LC541727.1	Hymenoptera
4303	KF696669.1	Hymenoptera
4304	OM203342.1	Hymenoptera
4305	AP017943.2	Hymenoptera
4306	MN913350.1	Hymenoptera
4307	OM203290.1	Hymenoptera
4308	OM203338.1	Hymenoptera
4309	MT665975.1	Hymenoptera
4310	NC_062840.1	Hymenoptera
4311	OM203297.1	Hymenoptera
4312	OM203289.1	Hymenoptera
4313	KX257357.1	Hymenoptera
4314	NC_048881.1	Hymenoptera
4315	MG552694.1	Hymenoptera
4316	MZ152217.1	Hymenoptera
4317	MN966974.1	Hymenoptera
4318	MT985330.1	Hymenoptera
4319	MT295305.2	Hymenoptera
4320	OM203284.1	Hymenoptera
4321	MW741884.2	Hymenoptera
4322	NC_051485.1	Hymenoptera
4323	MH982580.1	Hymenoptera
4324	KM978210.1	Hymenoptera
4325	MN163004.1	Hymenoptera
4326	MZ169618.1	Hymenoptera
4327	MT436266.1	Hymenoptera
4328	MN044390.1	Hymenoptera
4329	OM203260.1	Hymenoptera
4330	OM203277.1	Hymenoptera
4331	OM203231.1	Hymenoptera
4332	MH065754.1	Hymenoptera
4333	OM203259.1	Hymenoptera
4334	NC_046426.1	Hymenoptera
4335	MT188686.1	Hymenoptera
4336	NC_053534.1	Hymenoptera
4337	OM203329.1	Hymenoptera
4338	NC_062620.1	Hymenoptera
4339	OL689134.1	Hymenoptera
4340	OM203298.1	Hymenoptera
4341	NC_051460.1	Hymenoptera
4342	NC_050197.1	Hymenoptera
4343	OM203294.1	Hymenoptera
4344	NC_054223.1	Hymenoptera
4345	MW915466.1	Hymenoptera
4346	NC_053901.1	Hymenoptera
4347	NC_012689.1	Hymenoptera
4348	OM203293.1	Hymenoptera
4349	BK010474.1	Hymenoptera
4350	NC_040123.1	Hymenoptera
4351	MN842279.1	Hymenoptera
4352	KJ396188.1	Hymenoptera
4353	OM203248.1	Hymenoptera
4354	NC_012688.1	Hymenoptera
4355	OM203265.1	Hymenoptera
4356	OL581666.1	Hymenoptera
4357	OM203225.1	Hymenoptera
4358	NC_026832.1	Hymenoptera
4359	OM203276.1	Hymenoptera
4360	MT745911.1	Hymenoptera
4361	MT890682.1	Hymenoptera
4362	MK440075.1	Hymenoptera
4363	LC640348.1	Hymenoptera
4364	OM203332.1	Hymenoptera
4365	MK189133.1	Hymenoptera
4366	MN585109.1	Hymenoptera
4367	NC_062435.1	Hymenoptera
4368	OK413636.1	Hymenoptera
4369	MT745904.1	Hymenoptera
4370	NC_039134.1	Hymenoptera
4371	NC_039535.1	Hymenoptera
4372	BK010384.1	Hymenoptera
4373	KJ619461.1	Hymenoptera
4374	MW039158.1	Hymenoptera
4375	NC_028446.1	Hymenoptera
4376	NC_060869.1	Hymenoptera
4377	NC_048884.1	Hymenoptera
4378	OM203306.1	Hymenoptera
4379	MH341407.1	Hymenoptera
4380	NC_011923.1	Hymenoptera
4381	LN607806.1	Hymenoptera
4382	KX146469.1	Hymenoptera
4383	KY926882.1	Hymenoptera
4384	NC_037608.1	Hymenoptera
4385	MK189131.1	Hymenoptera
4386	NC_061380.1	Hymenoptera
4387	OK585072.1	Hymenoptera
4388	NC_063945.1	Hymenoptera
4389	KJ577600.1	Hymenoptera
4390	OM203325.1	Hymenoptera
4391	KY941926.1	Hymenoptera
4392	MW429350.1	Hymenoptera
4393	MH065755.1	Hymenoptera
4394	KX257358.1	Hymenoptera
4395	OM203236.1	Hymenoptera
4396	MT178447.1	Hymenoptera
4397	LC640347.1	Hymenoptera
4398	NC_062436.1	Hymenoptera
4399	NC_057192.1	Hymenoptera
4400	MT745909.1	Hymenoptera
4401	AP018370.1	Hymenoptera
4402	NC_039576.1	Hymenoptera
4403	KJ396182.1	Hymenoptera
4404	MK248830.1	Hymenoptera
4405	OM203245.1	Hymenoptera
4406	GQ162109.1	Hymenoptera
4407	OM203247.1	Hymenoptera
4408	OM203238.1	Hymenoptera
4409	NC_029733.1	Hymenoptera
4410	OM203346.1	Hymenoptera
4411	MT357020.1	Hymenoptera
4412	OM203240.1	Hymenoptera
4413	KU577436.1	Hymenoptera
4414	NC_030284.1	Hymenoptera
4415	OM203302.1	Hymenoptera
4416	MT745915.1	Hymenoptera
4417	KJ396191.1	Hymenoptera
4418	AP018339.1	Hymenoptera
4419	OK183534.1	Hymenoptera
4420	KJ713152.1	Hymenoptera
4421	OM203242.1	Hymenoptera
4422	LN607805.1	Lepidoptera
4423	DQ302100.1	Hymenoptera
4424	MN585110.1	Hymenoptera
4425	MK189126.1	Hymenoptera
4426	MN882556.1	Hymenoptera
4427	MW487926.2	Hymenoptera
4428	MG552689.1	Hymenoptera
4429	MH158413.1	Hymenoptera
4430	NC_039181.1	Hymenoptera
4431	AP018431.1	Hymenoptera
4432	MG552697.1	Hymenoptera
4433	MT745913.1	Hymenoptera
4434	MK051021.1	Hymenoptera
4435	KP126800.1	Hymenoptera
4436	MN585108.1	Hymenoptera
4437	OM203317.1	Hymenoptera
4438	OM203328.1	Hymenoptera
4439	NC_026711.1	Hymenoptera
4440	MF776883.1	Hymenoptera
4441	NC_014295.1	Hymenoptera
4442	AP018404.1	Hymenoptera
4443	MK570129.1	Hymenoptera
4444	LC640352.1	Hymenoptera
4445	OL692808.1	Hymenoptera
4446	AP018481.1	Hymenoptera
4447	NC_060544.1	Hymenoptera
4448	KX241615.1	Hymenoptera
4449	OM203224.1	Hymenoptera
4450	LC541728.1	Hymenoptera
4451	OM203337.1	Hymenoptera
4452	AP018371.1	Hymenoptera
4453	FJ593187.1	Hymenoptera
4454	MH122734.1	Hymenoptera
4455	MH422968.1	Hymenoptera
4456	AP018432.1	Hymenoptera
4457	MN732885.1	Hymenoptera
4458	NC_053857.1	Hymenoptera
4459	OM203243.1	Hymenoptera
4460	MH051556.1	Hymenoptera
4461	MK051031.1	Hymenoptera
4462	MT137097.2	Hymenoptera
4463	OM203246.1	Hymenoptera
4464	MK630013.1	Hymenoptera
4465	FJ387020.1	Hymenoptera
4466	NC_060844.1	Hymenoptera
4467	KY926884.1	Hymenoptera
4468	OM203336.1	Hymenoptera
4469	NC_057632.1	Hymenoptera
4470	MH065753.1	Hymenoptera
4471	OM203279.1	Hymenoptera
4472	KY563657.1	Hymenoptera
4473	OM203228.1	Hymenoptera
4474	NC_061387.1	Hymenoptera
4475	OM203255.1	Hymenoptera
4476	KX870183.1	Hymenoptera
4477	FJ478173.1	Hymenoptera
4478	MH158410.1	Hymenoptera
4479	LC702704.1	Hymenoptera
4480	NC_057102.1	Hymenoptera
4481	DQ870926.1	Hymenoptera
4482	MZ128286.1	Hymenoptera
4483	NC_048882.1	Hymenoptera
4484	MW255940.1	Hymenoptera
4485	OM203348.1	Hymenoptera
4486	NC_001566.1	Hymenoptera
4487	MN527306.1	Hymenoptera
4488	AP018491.1	Hymenoptera
4489	NC_042678.1	Hymenoptera
4490	OM203295.1	Hymenoptera
4491	MH158406.1	Hymenoptera
4492	OK299152.1	Hymenoptera
4493	NC_058200.1	Hymenoptera
4494	MG552681.1	Hymenoptera
4495	AP017314.1	Hymenoptera
4496	OM203335.1	Hymenoptera
4497	KY614238.1	Hymenoptera
4498	MN714161.1	Hymenoptera
4499	KJ396189.1	Hymenoptera
4500	MT745912.1	Hymenoptera
4501	MK225553.1	Hymenoptera
4502	MW487927.1	Hymenoptera
4503	NC_014677.1	Hymenoptera
4504	KX908207.1	Hymenoptera
4505	NC_046058.1	Hymenoptera
4506	MH158403.1	Hymenoptera
4507	NC_045057.1	Hymenoptera
4508	BK010475.1	Hymenoptera
4509	OM203271.1	Hymenoptera
4510	MT357023.1	Hymenoptera
4511	OM203300.1	Hymenoptera
4512	OM203269.1	Hymenoptera
4513	OM203275.1	Hymenoptera
4514	MK051032.1	Hymenoptera
4515	NC_059862.1	Hymenoptera
4516	MW617897.1	Hymenoptera
4517	MK189129.1	Hymenoptera
4518	MN714162.1	Hymenoptera
4519	NC_062438.1	Hymenoptera
4520	NC_028196.1	Hymenoptera
4521	OK569858.1	Hymenoptera
4522	MK270536.1	Hymenoptera
4523	OM203249.1	Hymenoptera
4524	HQ215539.1	Hymenoptera
4525	KT159775.1	Hymenoptera
4526	MN733955.1	Hymenoptera
4527	NC_037709.1	Hymenoptera
4528	MG552688.1	Hymenoptera
4529	MK111648.1	Hymenoptera
4530	MW255970.1	Hymenoptera
4531	OM203280.1	Hymenoptera
4532	MK111647.1	Hymenoptera
4533	KF500406.1	Hymenoptera
4534	NC_017007.1	Hymenoptera
4535	NC_062434.1	Hymenoptera
4536	MW817149.1	Hymenoptera
4537	OM203299.1	Hymenoptera
4538	MG552699.1	Hymenoptera
4539	OM203283.1	Hymenoptera
4540	OM203233.1	Hymenoptera
4541	OM203308.1	Hymenoptera
4542	MT038041.1	Hymenoptera
4543	MG552701.1	Hymenoptera
4544	KM458618.1	Hymenoptera
4545	MT215089.1	Hymenoptera
4546	BK010385.1	Hymenoptera
4547	MT745906.1	Hymenoptera
4548	MH065756.1	Hymenoptera
4549	NC_026132.1	Hymenoptera
